analysis_id,key_json,key_sha256,seed_uint64,model,oracle,reasoning_regime,execution_policy,replicate,population,action_space,budget,information_condition,lhs,rhs,N,estimate,ci_low,ci_high,n_lt_zero,n_eq_zero,n_gt_zero,raw_p,bootstrap_draw_sha256,holm_family_id,statistical_path,holm_p,reject_05
SUPPLEMENTAL_HISTORICAL_ROW,"{""action_space"":""CANDIDATE9"",""analysis_id"":""SUPPLEMENTAL_HISTORICAL_ROW"",""budget"":""B1"",""execution_policy"":""REPAIRED"",""information_condition"":""IC-b"",""lhs"":""C4R"",""model"":""GEMINI"",""oracle"":""alpha"",""population"":""ITT"",""reasoning_regime"":""BASELINE"",""replicate"":""RUN1"",""rhs"":""C4""}",c4e5fc68c0baa2bfa149e62f8430b4f9b585343aad06c2f94e1267b19e7a91c6,14188023727940870847,GEMINI,ALPHA,BASELINE,REPAIRED,1,ITT,CANDIDATE9,B1,IC-b,C4R,C4,575,-0.0389563679018802,-0.0858606730366859,0.0030157709605704,9649,0,351,0.0703929607039296,852d5b4ba10dfc99f1ce436cf2cf68767835e918e5d0b64d3abe90c4c998882e,REPAIRED_SUPPLEMENTAL,V13_SUPPLEMENTAL_SHA256_STREAM,1.0,False
SUPPLEMENTAL_HISTORICAL_ROW,"{""action_space"":""CANDIDATE9"",""analysis_id"":""SUPPLEMENTAL_HISTORICAL_ROW"",""budget"":""B1"",""execution_policy"":""REPAIRED"",""information_condition"":""IC-b"",""lhs"":""C4R"",""model"":""GEMINI"",""oracle"":""beta"",""population"":""ITT"",""reasoning_regime"":""BASELINE"",""replicate"":""RUN1"",""rhs"":""C4""}",d535c2c5cdf3c233e115ef197813557c14d0d3d71a387f2d0f7cb2b71a0558b1,15363399858663965235,GEMINI,BETA,BASELINE,REPAIRED,1,ITT,CANDIDATE9,B1,IC-b,C4R,C4,575,-0.02049837693259,-0.0348896727061932,-0.0096320040005459,10000,0,0,0.0001999800019998,61485acb1bf2448bc1208a57185510c36d43797bedebf127cd6eb1574f9495c0,REPAIRED_SUPPLEMENTAL,V13_SUPPLEMENTAL_SHA256_STREAM,0.023997600239976002,True
SUPPLEMENTAL_HISTORICAL_ROW,"{""action_space"":""CANDIDATE9"",""analysis_id"":""SUPPLEMENTAL_HISTORICAL_ROW"",""budget"":""B1"",""execution_policy"":""REPAIRED"",""information_condition"":""IC-b"",""lhs"":""C4R"",""model"":""GEMINI"",""oracle"":""gamma"",""population"":""ITT"",""reasoning_regime"":""BASELINE"",""replicate"":""RUN1"",""rhs"":""C4""}",008559ecf553deb3c7302d3902d5b738f5f02324781c1c5355dd594875c7aa13,37535046165585587,GEMINI,GAMMA,BASELINE,REPAIRED,1,ITT,CANDIDATE9,B1,IC-b,C4R,C4,575,-0.0130183556974263,-0.0336475910686204,0.0056433807128993,9114,0,886,0.1773822617738226,23b878649b5255a2b2a4fb615b57a47dbf66af6c7d2c2c94388b9053ff12bbdd,REPAIRED_SUPPLEMENTAL,V13_SUPPLEMENTAL_SHA256_STREAM,1.0,False
SUPPLEMENTAL_HISTORICAL_ROW,"{""action_space"":""CANDIDATE9"",""analysis_id"":""SUPPLEMENTAL_HISTORICAL_ROW"",""budget"":""B1"",""execution_policy"":""REPAIRED"",""information_condition"":""IC-b"",""lhs"":""C6-E"",""model"":""GEMINI"",""oracle"":""alpha"",""population"":""ITT"",""reasoning_regime"":""BASELINE"",""replicate"":""RUN1"",""rhs"":""C4R""}",3135e4c84cf5195a8cba9124187e0b68dc45b3cfaff50b7b495b128764d95305,3545991830559856986,GEMINI,ALPHA,BASELINE,REPAIRED,1,ITT,CANDIDATE9,B1,IC-b,C6-E,C4R,575,0.043963715540386,-0.0035519247865545,0.0934985270338258,344,0,9656,0.068993100689931,2eae926f443587033b56823d1b9e971fa6f5a011378444392714d754d32e29d9,REPAIRED_SUPPLEMENTAL,V13_SUPPLEMENTAL_SHA256_STREAM,1.0,False
SUPPLEMENTAL_HISTORICAL_ROW,"{""action_space"":""CANDIDATE9"",""analysis_id"":""SUPPLEMENTAL_HISTORICAL_ROW"",""budget"":""B1"",""execution_policy"":""REPAIRED"",""information_condition"":""IC-b"",""lhs"":""C6-E"",""model"":""GEMINI"",""oracle"":""beta"",""population"":""ITT"",""reasoning_regime"":""BASELINE"",""replicate"":""RUN1"",""rhs"":""C4R""}",db32c393de2e2a3cb3105526b60e2695079aafa327ab8e2a5a83bd8a0a383f87,15794901882996927036,GEMINI,BETA,BASELINE,REPAIRED,1,ITT,CANDIDATE9,B1,IC-b,C6-E,C4R,575,0.0070278699012458,-0.0125152057596574,0.0259801223010484,2267,0,7733,0.4535546445355464,1e7a7c5d8c0a415235aafb44c9a6c6d1029cc43bf2fd2635e84084768e36f746,REPAIRED_SUPPLEMENTAL,V13_SUPPLEMENTAL_SHA256_STREAM,1.0,False
SUPPLEMENTAL_HISTORICAL_ROW,"{""action_space"":""CANDIDATE9"",""analysis_id"":""SUPPLEMENTAL_HISTORICAL_ROW"",""budget"":""B1"",""execution_policy"":""REPAIRED"",""information_condition"":""IC-b"",""lhs"":""C6-E"",""model"":""GEMINI"",""oracle"":""gamma"",""population"":""ITT"",""reasoning_regime"":""BASELINE"",""replicate"":""RUN1"",""rhs"":""C4R""}",22c75f4cfc3d55ec5fd3d8808478f9b0066b65e1692dee6fd734d095ac2c4a71,2506076501909001708,GEMINI,GAMMA,BASELINE,REPAIRED,1,ITT,CANDIDATE9,B1,IC-b,C6-E,C4R,575,0.0310977764226662,0.0091762274134813,0.0545972486966723,21,0,9979,0.0043995600439956,8b0c4944b768992fa0983728cfb753a292d8c471105f86f5ea9c940338103fc9,REPAIRED_SUPPLEMENTAL,V13_SUPPLEMENTAL_SHA256_STREAM,0.395960403959604,False
SUPPLEMENTAL_HISTORICAL_ROW,"{""action_space"":""CANDIDATE9"",""analysis_id"":""SUPPLEMENTAL_HISTORICAL_ROW"",""budget"":""B1"",""execution_policy"":""REPAIRED"",""information_condition"":""IC-b"",""lhs"":""C4R"",""model"":""GPT"",""oracle"":""alpha"",""population"":""ITT"",""reasoning_regime"":""BASELINE"",""replicate"":""RUN1"",""rhs"":""C4""}",7f61bea8ca15ca6cf8b9d2b5667a1143cc5b461f04177cfe0f6ac444b8f1f84b,9178827147711990380,GPT,ALPHA,BASELINE,REPAIRED,1,ITT,CANDIDATE9,B1,IC-b,C4R,C4,575,0.0018226514987759,-0.0101996682089023,0.0120562728901575,3504,31,6465,0.7071292870712929,30ae5b7d7f639a692074e04f07646909342f94b7b1eb44cc4d9028e16dd87690,REPAIRED_SUPPLEMENTAL,V13_SUPPLEMENTAL_SHA256_STREAM,1.0,False
SUPPLEMENTAL_HISTORICAL_ROW,"{""action_space"":""CANDIDATE9"",""analysis_id"":""SUPPLEMENTAL_HISTORICAL_ROW"",""budget"":""B1"",""execution_policy"":""REPAIRED"",""information_condition"":""IC-b"",""lhs"":""C4R"",""model"":""GPT"",""oracle"":""beta"",""population"":""ITT"",""reasoning_regime"":""BASELINE"",""replicate"":""RUN1"",""rhs"":""C4""}",8bf27684dcfb0d2c8889d33afe3d72ab055991e1df747b0a9f4ff6fb7877a9be,10084252828651162924,GPT,BETA,BASELINE,REPAIRED,1,ITT,CANDIDATE9,B1,IC-b,C4R,C4,575,0.0003507831884494,-0.0123007689011555,0.0098035898719802,4343,0,5657,0.8687131286871312,ca0acf2cc2520be98a4da1b6aec09683c015120b93fedff3021fbfd54aff0816,REPAIRED_SUPPLEMENTAL,V13_SUPPLEMENTAL_SHA256_STREAM,1.0,False
SUPPLEMENTAL_HISTORICAL_ROW,"{""action_space"":""CANDIDATE9"",""analysis_id"":""SUPPLEMENTAL_HISTORICAL_ROW"",""budget"":""B1"",""execution_policy"":""REPAIRED"",""information_condition"":""IC-b"",""lhs"":""C4R"",""model"":""GPT"",""oracle"":""gamma"",""population"":""ITT"",""reasoning_regime"":""BASELINE"",""replicate"":""RUN1"",""rhs"":""C4""}",7985902850fba3c9c4347d4313358c9b196a7e030f71acba93a1d2f4ab37bd8f,8756563553323557833,GPT,GAMMA,BASELINE,REPAIRED,1,ITT,CANDIDATE9,B1,IC-b,C4R,C4,575,-0.0029803903579632,-0.0087972466450755,0.0022188258123162,8637,1,1362,0.2727727227277272,a863777bffa916439c4e37d709476e4a3d3793d0958d301b8b971f8e0092af30,REPAIRED_SUPPLEMENTAL,V13_SUPPLEMENTAL_SHA256_STREAM,1.0,False
SUPPLEMENTAL_HISTORICAL_ROW,"{""action_space"":""CANDIDATE9"",""analysis_id"":""SUPPLEMENTAL_HISTORICAL_ROW"",""budget"":""B1"",""execution_policy"":""REPAIRED"",""information_condition"":""IC-b"",""lhs"":""C6-E"",""model"":""GPT"",""oracle"":""alpha"",""population"":""ITT"",""reasoning_regime"":""BASELINE"",""replicate"":""RUN1"",""rhs"":""C4R""}",ae010d6129153aa1694289d4d41ca1afd777d0d7da76ab26cc9f59826304a684,12538317548528417441,GPT,ALPHA,BASELINE,REPAIRED,1,ITT,CANDIDATE9,B1,IC-b,C6-E,C4R,575,0.1096601216094353,0.0455031655425028,0.1761502070583786,2,0,9998,0.0005999400059994,1611f454058a055810a246ed58bcbd781a02936cae5b5d3fd62997e83fcc61cf,REPAIRED_SUPPLEMENTAL,V13_SUPPLEMENTAL_SHA256_STREAM,0.05999400059993999,False
SUPPLEMENTAL_HISTORICAL_ROW,"{""action_space"":""CANDIDATE9"",""analysis_id"":""SUPPLEMENTAL_HISTORICAL_ROW"",""budget"":""B1"",""execution_policy"":""REPAIRED"",""information_condition"":""IC-b"",""lhs"":""C6-E"",""model"":""GPT"",""oracle"":""beta"",""population"":""ITT"",""reasoning_regime"":""BASELINE"",""replicate"":""RUN1"",""rhs"":""C4R""}",c829ac5d745ec15c0f9b338e5e1ad47100a85b87f1f63494c9714dc1e9504270,14423248799015027036,GPT,BETA,BASELINE,REPAIRED,1,ITT,CANDIDATE9,B1,IC-b,C6-E,C4R,575,0.022674531179644,0.0042509700924505,0.042404483039037,78,0,9922,0.0157984201579842,d4e2d33779b4f50ba9d868bb8c965a8fba0a1c8efc630064a6b111d1520bccaf,REPAIRED_SUPPLEMENTAL,V13_SUPPLEMENTAL_SHA256_STREAM,1.0,False
SUPPLEMENTAL_HISTORICAL_ROW,"{""action_space"":""CANDIDATE9"",""analysis_id"":""SUPPLEMENTAL_HISTORICAL_ROW"",""budget"":""B1"",""execution_policy"":""REPAIRED"",""information_condition"":""IC-b"",""lhs"":""C6-E"",""model"":""GPT"",""oracle"":""gamma"",""population"":""ITT"",""reasoning_regime"":""BASELINE"",""replicate"":""RUN1"",""rhs"":""C4R""}",4b4b967cd40408114f6b4a691dde2f89fe062f47ade7d0b512650160d8fc7ba8,5425595638975039505,GPT,GAMMA,BASELINE,REPAIRED,1,ITT,CANDIDATE9,B1,IC-b,C6-E,C4R,575,0.0261748705221125,0.0001702578933036,0.0531522715119128,243,0,9757,0.0487951204879512,35582875fe870b95375c97fa13ce5fbb67fcb4ab93b6198725844b73acd21e84,REPAIRED_SUPPLEMENTAL,V13_SUPPLEMENTAL_SHA256_STREAM,1.0,False
SUPPLEMENTAL_HISTORICAL_ROW,"{""action_space"":""FREE8"",""analysis_id"":""SUPPLEMENTAL_HISTORICAL_ROW"",""budget"":""B1"",""execution_policy"":""REPAIRED"",""information_condition"":""IC-b"",""lhs"":""C4R"",""model"":""GEMINI"",""oracle"":""alpha"",""population"":""ITT"",""reasoning_regime"":""BASELINE"",""replicate"":""RUN1"",""rhs"":""C4""}",38dc47137266652b663391c60cdbfae7c9af2968562c6f658ccb79062cf6100f,4097227909849572651,GEMINI,ALPHA,BASELINE,REPAIRED,1,ITT,FREE8,B1,IC-b,C4R,C4,575,-0.0108917251044902,-0.036122078955836,0.0143469558995201,8056,0,1944,0.388961103889611,0597057edb83f284c0ad4e075600ea894c8519483e2e719aa92370eeea061a31,REPAIRED_SUPPLEMENTAL,V13_SUPPLEMENTAL_SHA256_STREAM,1.0,False
SUPPLEMENTAL_HISTORICAL_ROW,"{""action_space"":""FREE8"",""analysis_id"":""SUPPLEMENTAL_HISTORICAL_ROW"",""budget"":""B1"",""execution_policy"":""REPAIRED"",""information_condition"":""IC-b"",""lhs"":""C4R"",""model"":""GEMINI"",""oracle"":""beta"",""population"":""ITT"",""reasoning_regime"":""BASELINE"",""replicate"":""RUN1"",""rhs"":""C4""}",c361e51ecb128e5984f8108a3b200ed54945673c3dad57200591a33a78a12d2b,14078785830555651673,GEMINI,BETA,BASELINE,REPAIRED,1,ITT,FREE8,B1,IC-b,C4R,C4,575,-0.0002686895483569,-0.003512294698698,0.0028319470904507,5660,0,4340,0.8681131886811319,f17d12e1abc44529cceeffb90708dc5d084a92a9b51af2ffd30e91bb29d0b3e4,REPAIRED_SUPPLEMENTAL,V13_SUPPLEMENTAL_SHA256_STREAM,1.0,False
SUPPLEMENTAL_HISTORICAL_ROW,"{""action_space"":""FREE8"",""analysis_id"":""SUPPLEMENTAL_HISTORICAL_ROW"",""budget"":""B1"",""execution_policy"":""REPAIRED"",""information_condition"":""IC-b"",""lhs"":""C4R"",""model"":""GEMINI"",""oracle"":""gamma"",""population"":""ITT"",""reasoning_regime"":""BASELINE"",""replicate"":""RUN1"",""rhs"":""C4""}",306fb5b8b6acbe12a78bc16b4b4a8c22f6ebae08eeab83825f42149dc2218d6a,3490208041178807826,GEMINI,GAMMA,BASELINE,REPAIRED,1,ITT,FREE8,B1,IC-b,C4R,C4,575,-0.0033149860324224,-0.0201663875732404,0.0118751881838318,6443,0,3557,0.7115288471152885,48d105a2636183fc52db3f3b0244bade56610dfbb65aa70379c005f921a033ae,REPAIRED_SUPPLEMENTAL,V13_SUPPLEMENTAL_SHA256_STREAM,1.0,False
SUPPLEMENTAL_HISTORICAL_ROW,"{""action_space"":""FREE8"",""analysis_id"":""SUPPLEMENTAL_HISTORICAL_ROW"",""budget"":""B1"",""execution_policy"":""REPAIRED"",""information_condition"":""IC-b"",""lhs"":""C5"",""model"":""GEMINI"",""oracle"":""alpha"",""population"":""ITT"",""reasoning_regime"":""BASELINE"",""replicate"":""RUN1"",""rhs"":""C4""}",0be655ab230f4c935bd060b50ab486fbf8c124c26cd7c8c0770ac82786694c2b,857466972576631955,GEMINI,ALPHA,BASELINE,REPAIRED,1,ITT,FREE8,B1,IC-b,C5,C4,575,0.0601628854555431,0.0004545799604487,0.1228410924868961,240,0,9760,0.0481951804819518,1cf1e964ad0d4f20168ca4483856d67c5449be4cfa29c66ec50fc7f0f9560169,REPAIRED_SUPPLEMENTAL,V13_SUPPLEMENTAL_SHA256_STREAM,1.0,False
SUPPLEMENTAL_HISTORICAL_ROW,"{""action_space"":""FREE8"",""analysis_id"":""SUPPLEMENTAL_HISTORICAL_ROW"",""budget"":""B1"",""execution_policy"":""REPAIRED"",""information_condition"":""IC-b"",""lhs"":""C5"",""model"":""GEMINI"",""oracle"":""beta"",""population"":""ITT"",""reasoning_regime"":""BASELINE"",""replicate"":""RUN1"",""rhs"":""C4""}",1a4321d4a1487b106f405b3553354206669c91a318e00c29bcf60697bb89a6f7,1892393465548405520,GEMINI,BETA,BASELINE,REPAIRED,1,ITT,FREE8,B1,IC-b,C5,C4,575,0.0199912426519741,0.0085092932254172,0.0341613318256339,1,0,9999,0.0003999600039996,1dccde761484852dc264dde50a45d723688bb81d52e8a4de31bdb74f40739a55,REPAIRED_SUPPLEMENTAL,V13_SUPPLEMENTAL_SHA256_STREAM,0.0407959204079592,True
SUPPLEMENTAL_HISTORICAL_ROW,"{""action_space"":""FREE8"",""analysis_id"":""SUPPLEMENTAL_HISTORICAL_ROW"",""budget"":""B1"",""execution_policy"":""REPAIRED"",""information_condition"":""IC-b"",""lhs"":""C5"",""model"":""GEMINI"",""oracle"":""gamma"",""population"":""ITT"",""reasoning_regime"":""BASELINE"",""replicate"":""RUN1"",""rhs"":""C4""}",82f4beffcc04883f3e544c8c2627f757c7fd1b3d798fce7a9ee874e0fae13f63,9436377125096818751,GEMINI,GAMMA,BASELINE,REPAIRED,1,ITT,FREE8,B1,IC-b,C5,C4,575,0.0395903764843701,0.0097628670916618,0.0719104926630181,56,0,9944,0.0113988601139886,2328a124fdeeb10367d13ffdde04926c519d0f61781979549f3735737c180e34,REPAIRED_SUPPLEMENTAL,V13_SUPPLEMENTAL_SHA256_STREAM,0.9575042495750424,False
SUPPLEMENTAL_HISTORICAL_ROW,"{""action_space"":""FREE8"",""analysis_id"":""SUPPLEMENTAL_HISTORICAL_ROW"",""budget"":""B1"",""execution_policy"":""REPAIRED"",""information_condition"":""IC-b"",""lhs"":""C6-E"",""model"":""GEMINI"",""oracle"":""alpha"",""population"":""ITT"",""reasoning_regime"":""BASELINE"",""replicate"":""RUN1"",""rhs"":""C4R""}",18c128268f27b62eeb1adcef1aef24dc1e62c11360ec09d7ec124aff008ed19c,1783751073491039790,GEMINI,ALPHA,BASELINE,REPAIRED,1,ITT,FREE8,B1,IC-b,C6-E,C4R,575,0.0585127442314314,0.0090451726368531,0.1106604336319099,90,0,9910,0.0181981801819818,083e8b65383a49754b14d8515d5b620fcecadf0245b0b7e2eb60a67d14781eb9,REPAIRED_SUPPLEMENTAL,V13_SUPPLEMENTAL_SHA256_STREAM,1.0,False
SUPPLEMENTAL_HISTORICAL_ROW,"{""action_space"":""FREE8"",""analysis_id"":""SUPPLEMENTAL_HISTORICAL_ROW"",""budget"":""B1"",""execution_policy"":""REPAIRED"",""information_condition"":""IC-b"",""lhs"":""C6-E"",""model"":""GEMINI"",""oracle"":""beta"",""population"":""ITT"",""reasoning_regime"":""BASELINE"",""replicate"":""RUN1"",""rhs"":""C4R""}",fae816f5b9f2c27ac7ac64ef7f805d7ffb2c64800f947d877addfa7512654dcc,18079725948721349242,GEMINI,BETA,BASELINE,REPAIRED,1,ITT,FREE8,B1,IC-b,C6-E,C4R,575,0.0252508700846904,0.0104936377968136,0.0443290173555797,0,0,10000,0.0001999800019998,f97c3fbb1da14fdcb1dc156c91107e551a4329e151b6d693ff857c359535f231,REPAIRED_SUPPLEMENTAL,V13_SUPPLEMENTAL_SHA256_STREAM,0.023997600239976002,True
