analysis,model,oracle,contrast,N_historical,N_v13,estimate_historical,estimate_v13,ci_low_historical,ci_low_v13,ci_high_historical,ci_high_v13,holm_historical,holm_v13,significance_historical,significance_v13,historical_precision,claim_impact
REPAIRED_SUPPLEMENTAL,GEMINI,ALPHA,C4R-C4,575,575,-0.0389563679018802,-0.0389563679018802,-0.085323629000571,-0.0858606730366859,0.002905673324156,0.0030157709605704,,1.0,False,False,SOURCE_ROW,REVIEW_IF_CHANGED
REPAIRED_SUPPLEMENTAL,GEMINI,BETA,C4R-C4,575,575,-0.02049837693259,-0.02049837693259,-0.0347107911332289,-0.0348896727061932,-0.0096491554371689,-0.0096320040005459,,0.023997600239976,False,True,SOURCE_ROW,REVIEW_IF_CHANGED
REPAIRED_SUPPLEMENTAL,GEMINI,GAMMA,C4R-C4,575,575,-0.0130183556974263,-0.0130183556974263,-0.0329036452963738,-0.0336475910686204,0.0057647670563752,0.0056433807128993,,1.0,False,False,SOURCE_ROW,REVIEW_IF_CHANGED
REPAIRED_SUPPLEMENTAL,GEMINI,ALPHA,C6-E-C4R,575,575,0.043963715540386,0.043963715540386,-0.0031574660349528,-0.0035519247865545,0.0939386167740188,0.0934985270338258,,1.0,False,False,SOURCE_ROW,REVIEW_IF_CHANGED
REPAIRED_SUPPLEMENTAL,GEMINI,BETA,C6-E-C4R,575,575,0.0070278699012458,0.0070278699012458,-0.012745468721547,-0.0125152057596574,0.0256619659731407,0.0259801223010484,,1.0,False,False,SOURCE_ROW,REVIEW_IF_CHANGED
REPAIRED_SUPPLEMENTAL,GEMINI,GAMMA,C6-E-C4R,575,575,0.0310977764226662,0.0310977764226662,0.0094323304942497,0.0091762274134813,0.0542107306725274,0.0545972486966723,,0.395960403959604,False,False,SOURCE_ROW,REVIEW_IF_CHANGED
REPAIRED_SUPPLEMENTAL,GPT,ALPHA,C4R-C4,575,575,0.0018226514987759,0.0018226514987759,-0.0101816082781407,-0.0101996682089023,0.0120878428270024,0.0120562728901575,,1.0,False,False,SOURCE_ROW,REVIEW_IF_CHANGED
REPAIRED_SUPPLEMENTAL,GPT,BETA,C4R-C4,575,575,0.0003507831884494,0.0003507831884494,-0.0122413021051986,-0.0123007689011555,0.0097993829241712,0.0098035898719802,,1.0,False,False,SOURCE_ROW,REVIEW_IF_CHANGED
REPAIRED_SUPPLEMENTAL,GPT,GAMMA,C4R-C4,575,575,-0.0029803903579632,-0.0029803903579632,-0.0088711113099467,-0.0087972466450755,0.0023028937507059,0.0022188258123162,,1.0,False,False,SOURCE_ROW,REVIEW_IF_CHANGED
REPAIRED_SUPPLEMENTAL,GPT,ALPHA,C6-E-C4R,575,575,0.1096601216094353,0.1096601216094353,0.0464743344357431,0.0455031655425028,0.1744720780278481,0.1761502070583786,,0.0599940005999399,False,False,SOURCE_ROW,REVIEW_IF_CHANGED
REPAIRED_SUPPLEMENTAL,GPT,BETA,C6-E-C4R,575,575,0.022674531179644,0.022674531179644,0.0044588334866464,0.0042509700924505,0.0422803436068507,0.042404483039037,,1.0,False,False,SOURCE_ROW,REVIEW_IF_CHANGED
REPAIRED_SUPPLEMENTAL,GPT,GAMMA,C6-E-C4R,575,575,0.0261748705221125,0.0261748705221125,0.0007305758927026,0.0001702578933036,0.0532603783649099,0.0531522715119128,,1.0,False,False,SOURCE_ROW,REVIEW_IF_CHANGED
REPAIRED_SUPPLEMENTAL,GEMINI,ALPHA,C4R-C4,575,575,-0.0108917251044902,-0.0108917251044902,-0.0357673290686891,-0.036122078955836,0.0138742840261279,0.0143469558995201,,1.0,False,False,SOURCE_ROW,REVIEW_IF_CHANGED
REPAIRED_SUPPLEMENTAL,GEMINI,BETA,C4R-C4,575,575,-0.0002686895483569,-0.0002686895483569,-0.0035560336434259,-0.003512294698698,0.0028444295665304,0.0028319470904507,,1.0,False,False,SOURCE_ROW,REVIEW_IF_CHANGED
REPAIRED_SUPPLEMENTAL,GEMINI,GAMMA,C4R-C4,575,575,-0.0033149860324224,-0.0033149860324224,-0.0198026952216515,-0.0201663875732404,0.0118133145975114,0.0118751881838318,,1.0,False,False,SOURCE_ROW,REVIEW_IF_CHANGED
REPAIRED_SUPPLEMENTAL,GEMINI,ALPHA,C5-C4,575,575,0.0601628854555431,0.0601628854555431,0.002041869373248,0.0004545799604487,0.1218237364060251,0.1228410924868961,,1.0,False,False,SOURCE_ROW,REVIEW_IF_CHANGED
REPAIRED_SUPPLEMENTAL,GEMINI,BETA,C5-C4,575,575,0.0199912426519741,0.0199912426519741,0.0083483132380114,0.0085092932254172,0.0341630241858872,0.0341613318256339,,0.0407959204079592,False,True,SOURCE_ROW,REVIEW_IF_CHANGED
REPAIRED_SUPPLEMENTAL,GEMINI,GAMMA,C5-C4,575,575,0.0395903764843701,0.0395903764843701,0.0087873002541927,0.0097628670916618,0.0715236378372623,0.0719104926630181,,0.9575042495750424,False,False,SOURCE_ROW,REVIEW_IF_CHANGED
REPAIRED_SUPPLEMENTAL,GEMINI,ALPHA,C6-E-C4R,575,575,0.0585127442314314,0.0585127442314314,0.0092309578465316,0.0090451726368531,0.1081731021458178,0.1106604336319099,,1.0,False,False,SOURCE_ROW,REVIEW_IF_CHANGED
REPAIRED_SUPPLEMENTAL,GEMINI,BETA,C6-E-C4R,575,575,0.0252508700846904,0.0252508700846904,0.0106228645999672,0.0104936377968136,0.0430541859318514,0.0443290173555797,,0.023997600239976,False,True,SOURCE_ROW,REVIEW_IF_CHANGED
REPAIRED_SUPPLEMENTAL,GEMINI,GAMMA,C6-E-C4R,575,575,0.0186529117606378,0.0186529117606378,-0.0015692114479761,-0.002166766505159,0.0408943335781528,0.0410314109917309,,1.0,False,False,SOURCE_ROW,REVIEW_IF_CHANGED
REPAIRED_SUPPLEMENTAL,GEMINI,ALPHA,C6-E-C6-EX,575,575,0.076525450094166,0.076525450094166,0.0211451135306231,0.0221563399838729,0.1338921467765453,0.1372099547180789,,0.4271572842715728,False,False,SOURCE_ROW,REVIEW_IF_CHANGED
REPAIRED_SUPPLEMENTAL,GEMINI,BETA,C6-E-C6-EX,575,575,0.0269177587159377,0.0269177587159377,0.0121178105798901,0.0121953772862854,0.0463823863114779,0.0462102583847412,,0.023997600239976,False,True,SOURCE_ROW,REVIEW_IF_CHANGED
REPAIRED_SUPPLEMENTAL,GEMINI,GAMMA,C6-E-C6-EX,575,575,0.0309869294845131,0.0309869294845131,0.0102003057063979,0.0102535369351813,0.0537196812533957,0.0529954776732951,,0.183981601839816,False,False,SOURCE_ROW,REVIEW_IF_CHANGED
STABILITY_SUPPLEMENTAL,GEMINI,ALPHA,C4R-C4,575,575,0.0025882232831519,0.0025882232831519,-0.0367830573580916,-0.0367066809021358,0.0425356495004626,0.0420726628882603,,1.0,False,False,SOURCE_ROW,REVIEW_IF_CHANGED
STABILITY_SUPPLEMENTAL,GEMINI,BETA,C4R-C4,575,575,-0.0003332738068853,-0.0003332738068853,-0.0060131038313126,-0.0060164068289286,0.0062004505072243,0.0065319962526573,,1.0,False,False,SOURCE_ROW,REVIEW_IF_CHANGED
STABILITY_SUPPLEMENTAL,GEMINI,GAMMA,C4R-C4,575,575,-0.0038640649743717,-0.0038640649743717,-0.0195094102459012,-0.0198755469227712,0.0124246545699098,0.0122660874424671,,1.0,False,False,SOURCE_ROW,REVIEW_IF_CHANGED
STABILITY_SUPPLEMENTAL,GEMINI,ALPHA,C6-E-C4R,575,575,0.0651959329980058,0.0651959329980058,0.0119646804657033,0.0121103501568181,0.119195876615999,0.1179812425415181,,0.8735126487351264,False,False,SOURCE_ROW,REVIEW_IF_CHANGED
STABILITY_SUPPLEMENTAL,GEMINI,BETA,C6-E-C4R,575,575,0.0128119791693645,0.0128119791693645,0.0028774583719261,0.0028891189903683,0.025736252045502,0.0256810019461549,,0.503949605039496,False,False,SOURCE_ROW,REVIEW_IF_CHANGED
STABILITY_SUPPLEMENTAL,GEMINI,GAMMA,C6-E-C4R,575,575,0.0064970869598595,0.0064970869598595,-0.0119137625460768,-0.0118060721873248,0.023392731726962,0.023710738350018,,1.0,False,False,SOURCE_ROW,REVIEW_IF_CHANGED
REPAIRED_SUPPLEMENTAL,GEMINI,ALPHA,C4R-C4,575,575,0.1427225405629058,0.1427225405629058,0.0880673754257233,0.088880631073941,0.2004253145190328,0.2010210611078233,,0.023997600239976,False,True,SOURCE_ROW,REVIEW_IF_CHANGED
REPAIRED_SUPPLEMENTAL,GEMINI,BETA,C4R-C4,575,575,0.0188831093344678,0.0188831093344678,0.0143239271612774,0.0143767507840022,0.0237391404582806,0.0238531621844733,,0.023997600239976,False,True,SOURCE_ROW,REVIEW_IF_CHANGED
REPAIRED_SUPPLEMENTAL,GEMINI,GAMMA,C4R-C4,575,575,0.0290910945537854,0.0290910945537854,0.0147864884382042,0.0149527206623282,0.0443016037289688,0.0447838251013091,,0.023997600239976,False,True,SOURCE_ROW,REVIEW_IF_CHANGED
REPAIRED_SUPPLEMENTAL,GEMINI,ALPHA,C5-C4,575,575,-0.0714651445584745,-0.0714651445584745,-0.1644215685149075,-0.1625623521063089,0.0193823143040113,0.0189396601783508,,1.0,False,False,SOURCE_ROW,REVIEW_IF_CHANGED
REPAIRED_SUPPLEMENTAL,GEMINI,BETA,C5-C4,575,575,-0.0097248152150484,-0.0097248152150484,-0.0557912685977797,-0.0547864976069791,0.0337580885536849,0.03518031558598,,1.0,False,False,SOURCE_ROW,REVIEW_IF_CHANGED
REPAIRED_SUPPLEMENTAL,GEMINI,GAMMA,C5-C4,575,575,-0.0034461906496072,-0.0034461906496072,-0.0395348115548053,-0.0408353407072244,0.0348144905122573,0.0341579546778577,,1.0,False,False,SOURCE_ROW,REVIEW_IF_CHANGED
REPAIRED_SUPPLEMENTAL,GEMINI,ALPHA,C6-E-C4R,575,575,0.0180376742055013,0.0180376742055013,-0.054943151652817,-0.0550144078412456,0.0893792390812384,0.0886475379340702,,1.0,False,False,SOURCE_ROW,REVIEW_IF_CHANGED
REPAIRED_SUPPLEMENTAL,GEMINI,BETA,C6-E-C4R,575,575,0.0049455856284697,0.0049455856284697,-0.0152931540585826,-0.0154924976411849,0.024026526013488,0.024067448099422,,1.0,False,False,SOURCE_ROW,REVIEW_IF_CHANGED
REPAIRED_SUPPLEMENTAL,GEMINI,GAMMA,C6-E-C4R,575,575,0.0071957839822742,0.0071957839822742,-0.0165247460236693,-0.0165951748424635,0.0316880457036064,0.0317987161547708,,1.0,False,False,SOURCE_ROW,REVIEW_IF_CHANGED
REPAIRED_SUPPLEMENTAL,GEMINI,ALPHA,C6-E-C6-EX,575,575,0.0576216387179675,0.0576216387179675,-0.0060573512142293,-0.0068880761865115,0.1227755874714598,0.1230815544991346,,1.0,False,False,SOURCE_ROW,REVIEW_IF_CHANGED
REPAIRED_SUPPLEMENTAL,GEMINI,BETA,C6-E-C6-EX,575,575,0.0137132409204537,0.0137132409204537,-0.0027959549813506,-0.0025189664469208,0.0304596705361694,0.0302545092406004,,1.0,False,False,SOURCE_ROW,REVIEW_IF_CHANGED
REPAIRED_SUPPLEMENTAL,GEMINI,GAMMA,C6-E-C6-EX,575,575,0.0098212095856971,0.0098212095856971,-0.0161130957274127,-0.0152460417515731,0.0360368637450512,0.0356958603783883,,1.0,False,False,SOURCE_ROW,REVIEW_IF_CHANGED
STABILITY_SUPPLEMENTAL,GEMINI,ALPHA,C4R-C4,575,575,0.1150247223394299,0.1150247223394299,0.0676493532067771,0.069165343892748,0.1682138474899321,0.1668198660030856,,0.0191980801919808,False,True,SOURCE_ROW,REVIEW_IF_CHANGED
STABILITY_SUPPLEMENTAL,GEMINI,BETA,C4R-C4,575,575,0.0347038551005181,0.0347038551005181,0.0144943081066796,0.0145957563278472,0.06003779714425,0.0595543644973029,,0.0191980801919808,False,True,SOURCE_ROW,REVIEW_IF_CHANGED
STABILITY_SUPPLEMENTAL,GEMINI,GAMMA,C4R-C4,575,575,0.0271389797500414,0.0271389797500414,0.0110901192420984,0.0114221602626928,0.0448719118583039,0.044708259692393,,0.0431956804319568,False,True,SOURCE_ROW,REVIEW_IF_CHANGED
STABILITY_SUPPLEMENTAL,GEMINI,ALPHA,C6-E-C4R,575,575,0.0586446525913185,0.0586446525913185,-0.0121303740729655,-0.0137761454384054,0.1321066385693711,0.1315796217676044,,1.0,False,False,SOURCE_ROW,REVIEW_IF_CHANGED
STABILITY_SUPPLEMENTAL,GEMINI,BETA,C6-E-C4R,575,575,-0.0037627747426372,-0.0037627747426372,-0.0324605558338247,-0.0319351809309988,0.0211782811727897,0.0216426286534356,,1.0,False,False,SOURCE_ROW,REVIEW_IF_CHANGED
STABILITY_SUPPLEMENTAL,GEMINI,GAMMA,C6-E-C4R,575,575,0.0224447176496353,0.0224447176496353,-0.003032950247337,-0.0030046902400952,0.0488869193657261,0.0483770942992429,,1.0,False,False,SOURCE_ROW,REVIEW_IF_CHANGED
REPAIRED_SUPPLEMENTAL,GPT,ALPHA,C4R-C4,575,575,0.0047476423535253,0.0047476423535253,0.0,0.0,0.0121707599636332,0.0121707599636332,,1.0,False,False,SOURCE_ROW,REVIEW_IF_CHANGED
REPAIRED_SUPPLEMENTAL,GPT,BETA,C4R-C4,575,575,0.0007369742693598,0.0007369742693598,0.0001173257684609,0.0001156281656019,0.0016492292887886,0.0016359941964637,,0.3821617838216177,False,False,SOURCE_ROW,REVIEW_IF_CHANGED
REPAIRED_SUPPLEMENTAL,GPT,GAMMA,C4R-C4,575,575,4.523435442894444e-05,4.523435442894444e-05,-0.0007179394935486,-0.0007179394935486,0.0008536425568355,0.0008536425568355,,1.0,False,False,SOURCE_ROW,REVIEW_IF_CHANGED
REPAIRED_SUPPLEMENTAL,GPT,ALPHA,C5-C4,575,575,0.0786980069334217,0.0786980069334217,-0.0114539352830117,-0.0096528567698692,0.1690571858920199,0.1692092034380571,,1.0,False,False,SOURCE_ROW,REVIEW_IF_CHANGED
REPAIRED_SUPPLEMENTAL,GPT,BETA,C5-C4,575,575,0.0308055919698298,0.0308055919698298,0.0049882990125843,0.0046364286399943,0.0583627361311337,0.0586294530352564,,1.0,False,False,SOURCE_ROW,REVIEW_IF_CHANGED
REPAIRED_SUPPLEMENTAL,GPT,GAMMA,C5-C4,575,575,0.0205947235650503,0.0205947235650503,-0.0186208836056191,-0.0176472057140919,0.060046758021825,0.0590481160482873,,1.0,False,False,SOURCE_ROW,REVIEW_IF_CHANGED
REPAIRED_SUPPLEMENTAL,GPT,ALPHA,C6-E-C4R,575,575,0.1935656511450997,0.1935656511450997,0.1222232470182677,0.1251231027879426,0.2656318073965183,0.2654729001753245,,0.023997600239976,False,True,SOURCE_ROW,REVIEW_IF_CHANGED
REPAIRED_SUPPLEMENTAL,GPT,BETA,C6-E-C4R,575,575,0.0504270788226406,0.0504270788226406,0.0300479692565432,0.0305287696208484,0.0741268786083435,0.0738173603028275,,0.023997600239976,False,True,SOURCE_ROW,REVIEW_IF_CHANGED
REPAIRED_SUPPLEMENTAL,GPT,GAMMA,C6-E-C4R,575,575,0.0734011304910537,0.0734011304910537,0.0384626573286045,0.0394809270369901,0.1106172697143593,0.1112166892992088,,0.023997600239976,False,True,SOURCE_ROW,REVIEW_IF_CHANGED
REPAIRED_SUPPLEMENTAL,GPT,ALPHA,C6-E-C6-EX,575,575,0.2027242187241006,0.2027242187241006,0.1119601782156408,0.1084452137823169,0.2949118585446225,0.2939869486904863,,0.023997600239976,False,True,SOURCE_ROW,REVIEW_IF_CHANGED
REPAIRED_SUPPLEMENTAL,GPT,BETA,C6-E-C6-EX,575,575,0.0281193392665467,0.0281193392665467,-0.0047212949791595,-0.0053459028651919,0.0607943192469769,0.0604527211468189,,1.0,False,False,SOURCE_ROW,REVIEW_IF_CHANGED
REPAIRED_SUPPLEMENTAL,GPT,GAMMA,C6-E-C6-EX,575,575,0.0642009014042956,0.0642009014042956,0.0271583236359479,0.0273170213835301,0.1030693494979427,0.1031106152688233,,0.075992400759924,False,False,SOURCE_ROW,REVIEW_IF_CHANGED
STABILITY_SUPPLEMENTAL,GPT,ALPHA,C4R-C4,575,575,-0.0048861359782918,-0.0048861359782918,-0.0200096042250128,-0.0195968332688728,0.0050162213413345,0.0054230481769378,,1.0,False,False,SOURCE_ROW,REVIEW_IF_CHANGED
STABILITY_SUPPLEMENTAL,GPT,BETA,C4R-C4,575,575,-0.0001465680317554,-0.0001465680317554,-0.0019464929020281,-0.0019188631015882,0.001397326450433,0.0014583740198374,,1.0,False,False,SOURCE_ROW,REVIEW_IF_CHANGED
STABILITY_SUPPLEMENTAL,GPT,GAMMA,C4R-C4,575,575,-0.0004848730959163,-0.0004848730959163,-0.0037771543388161,-0.0037770120209303,0.001880989332873,0.0018696508232133,,1.0,False,False,SOURCE_ROW,REVIEW_IF_CHANGED
STABILITY_SUPPLEMENTAL,GPT,ALPHA,C6-E-C4R,575,575,0.1929117281194641,0.1929117281194641,0.1256157631085871,0.122652549388075,0.263921247554644,0.2641493633417943,,0.0191980801919808,False,True,SOURCE_ROW,REVIEW_IF_CHANGED
STABILITY_SUPPLEMENTAL,GPT,BETA,C6-E-C4R,575,575,0.047205450610014,0.047205450610014,0.0221341476764948,0.021883231249863,0.0736535336498134,0.0741608785142627,,0.0311968803119688,False,True,SOURCE_ROW,REVIEW_IF_CHANGED
STABILITY_SUPPLEMENTAL,GPT,GAMMA,C6-E-C4R,575,575,0.0424659390722923,0.0424659390722923,0.0143459124214806,0.0146330867560391,0.0724858492698627,0.0719573210911882,,0.182981701829817,False,False,SOURCE_ROW,REVIEW_IF_CHANGED
REPAIRED_SUPPLEMENTAL,GPT,ALPHA,C4R-C4,575,575,0.0294739314098917,0.0294739314098917,0.002514037592449,0.0031556631469481,0.0601674710162076,0.0584630604995691,,1.0,False,False,SOURCE_ROW,REVIEW_IF_CHANGED
REPAIRED_SUPPLEMENTAL,GPT,BETA,C4R-C4,575,575,0.0050115122138118,0.0050115122138118,-0.0029980339646485,-0.0029155067575103,0.0159525748556011,0.0162901195755715,,1.0,False,False,SOURCE_ROW,REVIEW_IF_CHANGED
REPAIRED_SUPPLEMENTAL,GPT,GAMMA,C4R-C4,575,575,0.009231538746435,0.009231538746435,-0.0012500536507126,-0.001307648261834,0.0213916927072043,0.0209975002923418,,1.0,False,False,SOURCE_ROW,REVIEW_IF_CHANGED
REPAIRED_SUPPLEMENTAL,GPT,ALPHA,C5-C4,575,575,0.0413670836295406,0.0413670836295406,-0.0550548441543626,-0.0584699729522361,0.1409037479391206,0.1386532187490413,,1.0,False,False,SOURCE_ROW,REVIEW_IF_CHANGED
REPAIRED_SUPPLEMENTAL,GPT,BETA,C5-C4,575,575,0.0111292390114641,0.0111292390114641,-0.0187483940282358,-0.0188764055042016,0.0407664941180205,0.0412867710358016,,1.0,False,False,SOURCE_ROW,REVIEW_IF_CHANGED
REPAIRED_SUPPLEMENTAL,GPT,GAMMA,C5-C4,575,575,-0.0414084557477259,-0.0414084557477259,-0.0844035936190707,-0.0848273538009015,0.0004699305739323,0.0008434956893488,,1.0,False,False,SOURCE_ROW,REVIEW_IF_CHANGED
REPAIRED_SUPPLEMENTAL,GPT,ALPHA,C6-E-C4R,575,575,0.2069672461925741,0.2069672461925741,0.127633554457139,0.1253735227928784,0.289202592414276,0.2914014007995074,,0.023997600239976,False,True,SOURCE_ROW,REVIEW_IF_CHANGED
REPAIRED_SUPPLEMENTAL,GPT,BETA,C6-E-C4R,575,575,0.0569421562500198,0.0569421562500198,0.030857581451412,0.0313897973102901,0.084273049909314,0.0836815738160865,,0.0599940005999399,False,False,SOURCE_ROW,REVIEW_IF_CHANGED
REPAIRED_SUPPLEMENTAL,GPT,GAMMA,C6-E-C4R,575,575,0.0489227866851875,0.0489227866851875,0.0146252958242395,0.0133235490981303,0.0848075801887283,0.0841721696722116,,0.6707329267073292,False,False,SOURCE_ROW,REVIEW_IF_CHANGED
REPAIRED_SUPPLEMENTAL,GPT,ALPHA,C6-E-C6-EX,575,575,0.1572364736573245,0.1572364736573245,0.0623308087869723,0.0606891481813332,0.2550046063781441,0.2570926463637558,,0.093990600939906,False,False,SOURCE_ROW,REVIEW_IF_CHANGED
REPAIRED_SUPPLEMENTAL,GPT,BETA,C6-E-C6-EX,575,575,0.032272511221048,0.032272511221048,-0.001403846593209,-0.000286632403282,0.0663124740148831,0.0658444823554892,,1.0,False,False,SOURCE_ROW,REVIEW_IF_CHANGED
REPAIRED_SUPPLEMENTAL,GPT,GAMMA,C6-E-C6-EX,575,575,0.0355274290915145,0.0355274290915145,2.6976324320970955e-06,-0.0003521857052903,0.0713755160205223,0.0714253952088576,,1.0,False,False,SOURCE_ROW,REVIEW_IF_CHANGED
STABILITY_SUPPLEMENTAL,GPT,ALPHA,C4R-C4,575,575,0.0224247472625064,0.0224247472625064,-0.0026700329034731,-0.0023736784680711,0.0488438524861973,0.0486697257022243,,1.0,False,False,SOURCE_ROW,REVIEW_IF_CHANGED
STABILITY_SUPPLEMENTAL,GPT,BETA,C4R-C4,575,575,0.0031328658536192,0.0031328658536192,-0.0024531363059057,-0.00260221694134,0.0075984739706674,0.0075210683728616,,1.0,False,False,SOURCE_ROW,REVIEW_IF_CHANGED
STABILITY_SUPPLEMENTAL,GPT,GAMMA,C4R-C4,575,575,0.0092185206420606,0.0092185206420606,-0.0004414112553345,-0.0005197166720635,0.0207057048638263,0.0205100963774982,,1.0,False,False,SOURCE_ROW,REVIEW_IF_CHANGED
STABILITY_SUPPLEMENTAL,GPT,ALPHA,C6-E-C4R,575,575,0.1856559903912356,0.1856559903912356,0.0937954876341668,0.092224083659737,0.2831719336016676,0.2822278236936854,,0.0311968803119688,False,True,SOURCE_ROW,REVIEW_IF_CHANGED
STABILITY_SUPPLEMENTAL,GPT,BETA,C6-E-C4R,575,575,0.0529511510512504,0.0529511510512504,0.0187680912565672,0.0172787700148844,0.0869805329823605,0.0878023067392337,,0.215978402159784,False,False,SOURCE_ROW,REVIEW_IF_CHANGED
STABILITY_SUPPLEMENTAL,GPT,GAMMA,C6-E-C4R,575,575,0.0533641106427015,0.0533641106427015,0.0169684534619866,0.0160944712250738,0.0904486260237757,0.0915603784319927,,0.2477752224777522,False,False,SOURCE_ROW,REVIEW_IF_CHANGED
STABILITY_SUPPLEMENTAL,GEMINI,ALPHA,C4R-C4,575,575,-0.008518221863576,-0.008518221863576,-0.0591044676573567,-0.0610421554024413,0.0380095783351154,0.0378151023797032,,1.0,False,False,SOURCE_ROW,REVIEW_IF_CHANGED
STABILITY_SUPPLEMENTAL,GEMINI,BETA,C4R-C4,575,575,-0.0009036197260419,-0.0009036197260419,-0.0097952361618782,-0.0094868234417762,0.0093014631181888,0.0099880322048256,,1.0,False,False,SOURCE_ROW,REVIEW_IF_CHANGED
STABILITY_SUPPLEMENTAL,GEMINI,GAMMA,C4R-C4,575,575,0.0011339901689739,0.0011339901689739,-0.0160189159533769,-0.0165357650578306,0.0166735114623341,0.0168589931280667,,1.0,False,False,SOURCE_ROW,REVIEW_IF_CHANGED
STABILITY_SUPPLEMENTAL,GEMINI,ALPHA,C6-E-C4R,575,575,-0.0020499375230224,-0.0020499375230224,-0.0501236058534523,-0.0519349528555354,0.0454758919637825,0.0459375451140831,,1.0,False,False,SOURCE_ROW,REVIEW_IF_CHANGED
STABILITY_SUPPLEMENTAL,GEMINI,BETA,C6-E-C4R,575,575,0.0036468134567291,0.0036468134567291,-0.0006002236142825,-0.0006728379265708,0.0083489402092096,0.0082835633762464,,1.0,False,False,SOURCE_ROW,REVIEW_IF_CHANGED
STABILITY_SUPPLEMENTAL,GEMINI,GAMMA,C6-E-C4R,575,575,-0.0040873431180066,-0.0040873431180066,-0.0180475457312366,-0.0176183071368251,0.0098341052426878,0.0097636145308219,,1.0,False,False,SOURCE_ROW,REVIEW_IF_CHANGED
STABILITY_SUPPLEMENTAL,GEMINI,ALPHA,C4R-C4,575,575,0.1150247223394299,0.1150247223394299,0.0680464126622876,0.0678559425532641,0.166022491666026,0.167756147009783,,0.0191980801919808,False,True,SOURCE_ROW,REVIEW_IF_CHANGED
STABILITY_SUPPLEMENTAL,GEMINI,BETA,C4R-C4,575,575,0.0347038551005181,0.0347038551005181,0.0144940491874014,0.0147261927174022,0.0603067440231186,0.0605532862069967,,0.0191980801919808,False,True,SOURCE_ROW,REVIEW_IF_CHANGED
STABILITY_SUPPLEMENTAL,GEMINI,GAMMA,C4R-C4,575,575,0.0271389797500414,0.0271389797500414,0.0115902188322246,0.011169069930616,0.0452762707710158,0.0448134361200914,,0.068993100689931,False,False,SOURCE_ROW,REVIEW_IF_CHANGED
STABILITY_SUPPLEMENTAL,GEMINI,ALPHA,C6-E-C4R,575,575,0.0586446525913185,0.0586446525913185,-0.0121857615238021,-0.0132957745850209,0.1329283275126794,0.1320064534320952,,1.0,False,False,SOURCE_ROW,REVIEW_IF_CHANGED
STABILITY_SUPPLEMENTAL,GEMINI,BETA,C6-E-C4R,575,575,-0.0037627747426372,-0.0037627747426372,-0.0320330466200413,-0.0319979638563037,0.0222191297222566,0.021218532457129,,1.0,False,False,SOURCE_ROW,REVIEW_IF_CHANGED
STABILITY_SUPPLEMENTAL,GEMINI,GAMMA,C6-E-C4R,575,575,0.0224447176496353,0.0224447176496353,-0.0020062572615605,-0.00272001952238,0.0488721269320955,0.0486187647867651,,1.0,False,False,SOURCE_ROW,REVIEW_IF_CHANGED
STABILITY_SUPPLEMENTAL,GPT,ALPHA,C4R-C4,575,575,0.1181270705137651,0.1181270705137651,0.0730435431471299,0.073103200202149,0.1675865935572422,0.1677393870611516,,0.0191980801919808,False,True,SOURCE_ROW,REVIEW_IF_CHANGED
STABILITY_SUPPLEMENTAL,GPT,BETA,C4R-C4,575,575,0.0307022389303257,0.0307022389303257,0.0179701951640789,0.0178131450220711,0.0473092025234076,0.0467909436272823,,0.0191980801919808,False,True,SOURCE_ROW,REVIEW_IF_CHANGED
STABILITY_SUPPLEMENTAL,GPT,GAMMA,C4R-C4,575,575,0.0270836085085994,0.0270836085085994,0.0088906549172787,0.0087224601479952,0.0478939728422697,0.0467752591048705,,0.1735826417358264,False,False,SOURCE_ROW,REVIEW_IF_CHANGED
STABILITY_SUPPLEMENTAL,GPT,ALPHA,C6-E-C4R,575,575,0.0565608065752115,0.0565608065752115,-0.0255474996886084,-0.0253908729336395,0.1417186339771605,0.139264991226479,,1.0,False,False,SOURCE_ROW,REVIEW_IF_CHANGED
STABILITY_SUPPLEMENTAL,GPT,BETA,C6-E-C4R,575,575,0.0115784181709983,0.0115784181709983,-0.0141943105278687,-0.0138816702067904,0.0368246243606378,0.0361916899607575,,1.0,False,False,SOURCE_ROW,REVIEW_IF_CHANGED
STABILITY_SUPPLEMENTAL,GPT,GAMMA,C6-E-C4R,575,575,0.0196668983607551,0.0196668983607551,-0.0140156877572042,-0.0150781771593838,0.0540790778383531,0.0547143710966264,,1.0,False,False,SOURCE_ROW,REVIEW_IF_CHANGED
STABILITY_SUPPLEMENTAL,GPT,ALPHA,C4R-C4,575,575,0.1503872417557171,0.1503872417557171,0.0964804734228182,0.0967419904564826,0.2098278679904674,0.208437486475255,,0.0191980801919808,False,True,SOURCE_ROW,REVIEW_IF_CHANGED
STABILITY_SUPPLEMENTAL,GPT,BETA,C4R-C4,575,575,0.0292106119371504,0.0292106119371504,0.004944986671606,0.0059925454053355,0.0547442190376412,0.0546877909774871,,0.846915308469153,False,False,SOURCE_ROW,REVIEW_IF_CHANGED
STABILITY_SUPPLEMENTAL,GPT,GAMMA,C4R-C4,575,575,0.0482535321309907,0.0482535321309907,0.0243553506092251,0.0240531370447181,0.075314932802533,0.0755969907367301,,0.0311968803119688,False,True,SOURCE_ROW,REVIEW_IF_CHANGED
STABILITY_SUPPLEMENTAL,GPT,ALPHA,C6-E-C4R,575,575,0.111052575948137,0.111052575948137,0.0104497916948569,0.0117553637544241,0.2096340878121048,0.2098068867998628,,1.0,False,False,SOURCE_ROW,REVIEW_IF_CHANGED
STABILITY_SUPPLEMENTAL,GPT,BETA,C6-E-C4R,575,575,0.0347835143874181,0.0347835143874181,-0.0028616510472923,-0.0030824779403324,0.0737880542072284,0.0737732171399105,,1.0,False,False,SOURCE_ROW,REVIEW_IF_CHANGED
STABILITY_SUPPLEMENTAL,GPT,GAMMA,C6-E-C4R,575,575,0.0454432177130845,0.0454432177130845,0.0061252487003172,0.007120973264555,0.0860783385916085,0.0863274125884796,,1.0,False,False,SOURCE_ROW,REVIEW_IF_CHANGED
REPAIRED_SUPPLEMENTAL,GEMINI,ALPHA,C4R-C4,575,575,-0.0203331720559225,-0.0203331720559225,-0.0516824473712097,-0.0518907568704326,0.0094635504155758,0.0098658346574689,,1.0,False,False,SOURCE_ROW,REVIEW_IF_CHANGED
REPAIRED_SUPPLEMENTAL,GEMINI,BETA,C4R-C4,575,575,-0.0039390710537549,-0.0039390710537549,-0.008006215094217,-0.0080532094340364,-0.0008440272076625,-0.0007964839829285,,0.4271572842715728,False,False,SOURCE_ROW,REVIEW_IF_CHANGED
REPAIRED_SUPPLEMENTAL,GEMINI,GAMMA,C4R-C4,575,575,-0.0051610701653675,-0.0051610701653675,-0.020797020514744,-0.0202382173998826,0.0103573717703013,0.0103494160302544,,1.0,False,False,SOURCE_ROW,REVIEW_IF_CHANGED
REPAIRED_SUPPLEMENTAL,GEMINI,ALPHA,C6-E-C4R,575,575,0.0370327081794462,0.0370327081794462,-0.0107050028511112,-0.0096411647955806,0.0857901277616054,0.0854496558368719,,1.0,False,False,SOURCE_ROW,REVIEW_IF_CHANGED
REPAIRED_SUPPLEMENTAL,GEMINI,BETA,C6-E-C4R,575,575,0.0086610773664386,0.0086610773664386,-0.0003067239260799,-0.0002306334895297,0.0207637912119949,0.0202525435723846,,1.0,False,False,SOURCE_ROW,REVIEW_IF_CHANGED
REPAIRED_SUPPLEMENTAL,GEMINI,GAMMA,C6-E-C4R,575,575,0.0078455967302778,0.0078455967302778,-0.0130341329964724,-0.0133474346868715,0.0286450184462008,0.0281070109561417,,1.0,False,False,SOURCE_ROW,REVIEW_IF_CHANGED
REPAIRED_SUPPLEMENTAL,GPT,ALPHA,C4R-C4,575,575,0.014299958652293,0.014299958652293,-0.0031881736338213,-0.0030914069940461,0.0365492447168689,0.0369191127595087,,1.0,False,False,SOURCE_ROW,REVIEW_IF_CHANGED
REPAIRED_SUPPLEMENTAL,GPT,BETA,C4R-C4,575,575,0.0009794210439283,0.0009794210439283,-0.0046483933001756,-0.0046767168184444,0.0061943979593892,0.0061251358500016,,1.0,False,False,SOURCE_ROW,REVIEW_IF_CHANGED
REPAIRED_SUPPLEMENTAL,GPT,GAMMA,C4R-C4,575,575,0.0031701791311687,0.0031701791311687,-0.0081973605234577,-0.0082811923468851,0.0151660859117878,0.0149912489737593,,1.0,False,False,SOURCE_ROW,REVIEW_IF_CHANGED
REPAIRED_SUPPLEMENTAL,GPT,ALPHA,C6-E-C4R,575,575,0.0323951260599358,0.0323951260599358,-0.0032914309063664,-0.0042094833397046,0.069572092668791,0.0700122303734323,,1.0,False,False,SOURCE_ROW,REVIEW_IF_CHANGED
REPAIRED_SUPPLEMENTAL,GPT,BETA,C6-E-C4R,575,575,0.0036742978374687,0.0036742978374687,-0.0099282399112603,-0.0101798020295823,0.0140404169224486,0.014005289789469,,1.0,False,False,SOURCE_ROW,REVIEW_IF_CHANGED
REPAIRED_SUPPLEMENTAL,GPT,GAMMA,C6-E-C4R,575,575,0.0265193490221898,0.0265193490221898,0.0051157924840582,0.004971293351208,0.0494839673826922,0.0504131681384386,,1.0,False,False,SOURCE_ROW,REVIEW_IF_CHANGED
REPAIRED_SUPPLEMENTAL,GEMINI,ALPHA,C4R-C4,575,575,0.0003330382923199,0.0003330382923199,-0.0280616586931653,-0.0278835690577774,0.0291941670526931,0.0301413326567384,,1.0,False,False,SOURCE_ROW,REVIEW_IF_CHANGED
REPAIRED_SUPPLEMENTAL,GEMINI,BETA,C4R-C4,575,575,-0.0021866216849391,-0.0021866216849391,-0.0070297093387476,-0.0071036519225456,0.0015076801828774,0.001542151708431,,1.0,False,False,SOURCE_ROW,REVIEW_IF_CHANGED
REPAIRED_SUPPLEMENTAL,GEMINI,GAMMA,C4R-C4,575,575,0.0073622993285393,0.0073622993285393,-0.0060700381945357,-0.005809925678824,0.0216013359482466,0.0217649907937313,,1.0,False,False,SOURCE_ROW,REVIEW_IF_CHANGED
REPAIRED_SUPPLEMENTAL,GEMINI,ALPHA,C5-C4,575,575,0.0625204655074251,0.0625204655074251,0.0037992193349065,0.0046820741814458,0.1204529011131235,0.120925942893099,,1.0,False,False,SOURCE_ROW,REVIEW_IF_CHANGED
REPAIRED_SUPPLEMENTAL,GEMINI,BETA,C5-C4,575,575,0.0148058655034405,0.0148058655034405,-0.0036830656988559,-0.0034748894660599,0.0358944230769132,0.0357971029983219,,1.0,False,False,SOURCE_ROW,REVIEW_IF_CHANGED
REPAIRED_SUPPLEMENTAL,GEMINI,GAMMA,C5-C4,575,575,0.0114947977020007,0.0114947977020007,-0.0175304796100192,-0.0176679987224326,0.0408631895931389,0.0416005333778168,,1.0,False,False,SOURCE_ROW,REVIEW_IF_CHANGED
REPAIRED_SUPPLEMENTAL,GEMINI,ALPHA,C6-E-C4R,575,575,0.0793043899061371,0.0793043899061371,0.0370798829484121,0.0371255648012353,0.1243502009521256,0.1232991730362754,,0.0599940005999399,False,False,SOURCE_ROW,REVIEW_IF_CHANGED
REPAIRED_SUPPLEMENTAL,GEMINI,BETA,C6-E-C4R,575,575,0.0176363682237426,0.0176363682237426,0.0075327641634999,0.0075988485898507,0.0306811417187445,0.0305787153865305,,0.0599940005999399,False,False,SOURCE_ROW,REVIEW_IF_CHANGED
REPAIRED_SUPPLEMENTAL,GEMINI,GAMMA,C6-E-C4R,575,575,0.0166215750977078,0.0166215750977078,-0.0045376081435622,-0.0045661854715176,0.038715423516598,0.0389569967575633,,1.0,False,False,SOURCE_ROW,REVIEW_IF_CHANGED
REPAIRED_SUPPLEMENTAL,GEMINI,ALPHA,C6-E-C6-EX,575,575,0.0469908301740581,0.0469908301740581,-0.0039457490041358,-0.0036853817219092,0.0998992759445079,0.100821329270422,,1.0,False,False,SOURCE_ROW,REVIEW_IF_CHANGED
REPAIRED_SUPPLEMENTAL,GEMINI,BETA,C6-E-C6-EX,575,575,0.0049119968739506,0.0049119968739506,-0.0013208964634327,-0.0013369768082179,0.0108130358980191,0.0108456082994993,,1.0,False,False,SOURCE_ROW,REVIEW_IF_CHANGED
REPAIRED_SUPPLEMENTAL,GEMINI,GAMMA,C6-E-C6-EX,575,575,0.0147412172257541,0.0147412172257541,-0.0070613232804105,-0.0064362160845367,0.0370571977166973,0.0368780538547393,,1.0,False,False,SOURCE_ROW,REVIEW_IF_CHANGED
STABILITY_SUPPLEMENTAL,GEMINI,ALPHA,C4R-C4,575,575,-0.0134978132687859,-0.0134978132687859,-0.050013221660358,-0.0497368495440637,0.0170802270205069,0.016979177787807,,1.0,False,False,SOURCE_ROW,REVIEW_IF_CHANGED
STABILITY_SUPPLEMENTAL,GEMINI,BETA,C4R-C4,575,575,-0.0018485162604763,-0.0018485162604763,-0.0167150779471326,-0.0168695310756559,0.0126106954686214,0.0127956761214656,,1.0,False,False,SOURCE_ROW,REVIEW_IF_CHANGED
STABILITY_SUPPLEMENTAL,GEMINI,GAMMA,C4R-C4,575,575,-0.0019804155702906,-0.0019804155702906,-0.014172512504386,-0.0141164765496952,0.0091661723068584,0.0093314103900794,,1.0,False,False,SOURCE_ROW,REVIEW_IF_CHANGED
STABILITY_SUPPLEMENTAL,GEMINI,ALPHA,C6-E-C4R,575,575,0.0768862348822135,0.0768862348822135,0.0307671186417005,0.0316236185662888,0.1270552772658303,0.1269185911287438,,0.0937906209379062,False,False,SOURCE_ROW,REVIEW_IF_CHANGED
STABILITY_SUPPLEMENTAL,GEMINI,BETA,C6-E-C4R,575,575,0.0195172736317035,0.0195172736317035,0.0025824380109523,0.0021499880449824,0.0384509755329499,0.0382690494671711,,1.0,False,False,SOURCE_ROW,REVIEW_IF_CHANGED
STABILITY_SUPPLEMENTAL,GEMINI,GAMMA,C6-E-C4R,575,575,0.0184475891294203,0.0184475891294203,0.0034798622833613,0.003480438944145,0.0343999773865623,0.0345393985561633,,0.863913608639136,False,False,SOURCE_ROW,REVIEW_IF_CHANGED
REPAIRED_SUPPLEMENTAL,GEMINI,ALPHA,C4R-C4,575,575,0.1448879457482113,0.1448879457482113,0.0918355432653517,0.0934552270224253,0.2004298515735184,0.2015766265660176,,0.023997600239976,False,True,SOURCE_ROW,REVIEW_IF_CHANGED
REPAIRED_SUPPLEMENTAL,GEMINI,BETA,C4R-C4,575,575,0.0301911152468026,0.0301911152468026,0.0137698870071675,0.0139042315739666,0.0513055325946586,0.0515626049135072,,0.023997600239976,False,True,SOURCE_ROW,REVIEW_IF_CHANGED
REPAIRED_SUPPLEMENTAL,GEMINI,GAMMA,C4R-C4,575,575,0.0122270227924374,0.0122270227924374,-0.0017940155721916,-0.001775878675676,0.0272945833248297,0.0270416073795636,,1.0,False,False,SOURCE_ROW,REVIEW_IF_CHANGED
REPAIRED_SUPPLEMENTAL,GEMINI,ALPHA,C5-C4,575,575,-0.0652430602825521,-0.0652430602825521,-0.1525853783914723,-0.1504151942809078,0.0197906375483778,0.0200242745881403,,1.0,False,False,SOURCE_ROW,REVIEW_IF_CHANGED
REPAIRED_SUPPLEMENTAL,GEMINI,BETA,C5-C4,575,575,-0.0007981189027952,-0.0007981189027952,-0.0328713018113628,-0.0330085966909475,0.0335870797538647,0.0326097307417809,,1.0,False,False,SOURCE_ROW,REVIEW_IF_CHANGED
REPAIRED_SUPPLEMENTAL,GEMINI,GAMMA,C5-C4,575,575,-0.0185250162845019,-0.0185250162845019,-0.0553236623222096,-0.0533805441365233,0.0166980164888317,0.017129054958669,,1.0,False,False,SOURCE_ROW,REVIEW_IF_CHANGED
REPAIRED_SUPPLEMENTAL,GEMINI,ALPHA,C6-E-C4R,575,575,0.0430853162824828,0.0430853162824828,-0.0187812744350389,-0.0209397310756884,0.1041469784584069,0.10571214808613,,1.0,False,False,SOURCE_ROW,REVIEW_IF_CHANGED
REPAIRED_SUPPLEMENTAL,GEMINI,BETA,C6-E-C4R,575,575,0.0120003347734194,0.0120003347734194,-0.0163392988179691,-0.0162580552067491,0.0388340464113633,0.0386984738882487,,1.0,False,False,SOURCE_ROW,REVIEW_IF_CHANGED
REPAIRED_SUPPLEMENTAL,GEMINI,GAMMA,C6-E-C4R,575,575,0.0427412929181628,0.0427412929181628,0.0219004679633924,0.0217010754430899,0.0640514712900098,0.0644499629276211,,0.023997600239976,False,True,SOURCE_ROW,REVIEW_IF_CHANGED
REPAIRED_SUPPLEMENTAL,GEMINI,ALPHA,C6-E-C6-EX,575,575,0.0153244899294307,0.0153244899294307,-0.0400604087385481,-0.041519921414924,0.0727817377700516,0.0715272302511536,,1.0,False,False,SOURCE_ROW,REVIEW_IF_CHANGED
REPAIRED_SUPPLEMENTAL,GEMINI,BETA,C6-E-C6-EX,575,575,-0.0002395902546702,-0.0002395902546702,-0.0196736526571712,-0.0197392056882918,0.0146781912591502,0.0151445532241161,,1.0,False,False,SOURCE_ROW,REVIEW_IF_CHANGED
REPAIRED_SUPPLEMENTAL,GEMINI,GAMMA,C6-E-C6-EX,575,575,0.0227744302086518,0.0227744302086518,0.0022452752032889,0.0020118082675691,0.0445346765719425,0.0447867158787124,,1.0,False,False,SOURCE_ROW,REVIEW_IF_CHANGED
STABILITY_SUPPLEMENTAL,GEMINI,ALPHA,C4R-C4,575,575,0.1434374494292223,0.1434374494292223,0.096547155820376,0.0962076829500724,0.1948380645099978,0.194870988730925,,0.0191980801919808,False,True,SOURCE_ROW,REVIEW_IF_CHANGED
STABILITY_SUPPLEMENTAL,GEMINI,BETA,C4R-C4,575,575,0.019917651301469,0.019917651301469,0.0082036709209883,0.0079451069050004,0.0337264820307141,0.0339637886124715,,0.0311968803119688,False,True,SOURCE_ROW,REVIEW_IF_CHANGED
STABILITY_SUPPLEMENTAL,GEMINI,GAMMA,C4R-C4,575,575,0.0145741505369609,0.0145741505369609,-0.0037925813553821,-0.0043850682465932,0.0341370692272551,0.0346790614025273,,1.0,False,False,SOURCE_ROW,REVIEW_IF_CHANGED
STABILITY_SUPPLEMENTAL,GEMINI,ALPHA,C6-E-C4R,575,575,-0.0022336536789492,-0.0022336536789492,-0.0685708205001654,-0.0676468651946962,0.0615680556001647,0.0611977346407085,,1.0,False,False,SOURCE_ROW,REVIEW_IF_CHANGED
STABILITY_SUPPLEMENTAL,GEMINI,BETA,C6-E-C4R,575,575,0.0221277570549341,0.0221277570549341,0.0022148694965464,0.0020265906650509,0.0421478115518617,0.0427578852849747,,1.0,False,False,SOURCE_ROW,REVIEW_IF_CHANGED
STABILITY_SUPPLEMENTAL,GEMINI,GAMMA,C6-E-C4R,575,575,0.0020470376236996,0.0020470376236996,-0.0243931853786108,-0.0241137677075693,0.0264863046033858,0.0261597794747532,,1.0,False,False,SOURCE_ROW,REVIEW_IF_CHANGED
REPAIRED_SUPPLEMENTAL,GPT,ALPHA,C4R-C4,575,575,0.0105196561862989,0.0105196561862989,-0.0005460698218194,-0.0007345208205798,0.029309750033669,0.0290160873870548,,1.0,False,False,SOURCE_ROW,REVIEW_IF_CHANGED
REPAIRED_SUPPLEMENTAL,GPT,BETA,C4R-C4,575,575,0.0006382000710205,0.0006382000710205,-0.0011219181426985,-0.0010753637625996,0.0021334662342408,0.0021558628432771,,1.0,False,False,SOURCE_ROW,REVIEW_IF_CHANGED
REPAIRED_SUPPLEMENTAL,GPT,GAMMA,C4R-C4,575,575,0.001512416574833,0.001512416574833,-0.002860748284616,-0.0029347708995956,0.0076746095945836,0.0075976262815681,,1.0,False,False,SOURCE_ROW,REVIEW_IF_CHANGED
REPAIRED_SUPPLEMENTAL,GPT,ALPHA,C5-C4,575,575,-0.0059494186603253,-0.0059494186603253,-0.0645502708080542,-0.0648123894849646,0.0552277604704959,0.0530701522310601,,1.0,False,False,SOURCE_ROW,REVIEW_IF_CHANGED
REPAIRED_SUPPLEMENTAL,GPT,BETA,C5-C4,575,575,0.0027057145142814,0.0027057145142814,-0.0154092228032496,-0.0152007386272008,0.0177585812365353,0.0179369971436988,,1.0,False,False,SOURCE_ROW,REVIEW_IF_CHANGED
REPAIRED_SUPPLEMENTAL,GPT,GAMMA,C5-C4,575,575,0.0036918749278331,0.0036918749278331,-0.020296983535156,-0.0204888483985624,0.0292534802004746,0.0291582501077296,,1.0,False,False,SOURCE_ROW,REVIEW_IF_CHANGED
REPAIRED_SUPPLEMENTAL,GPT,ALPHA,C6-E-C4R,575,575,0.1189841549259707,0.1189841549259707,0.0703427930257423,0.0699869066352673,0.1714689199869952,0.1723156433177531,,0.023997600239976,False,True,SOURCE_ROW,REVIEW_IF_CHANGED
REPAIRED_SUPPLEMENTAL,GPT,BETA,C6-E-C4R,575,575,0.023495468722645,0.023495468722645,0.0068888270235938,0.0065639886216527,0.0434944420254215,0.0437089958304369,,0.4871512848715127,False,False,SOURCE_ROW,REVIEW_IF_CHANGED
REPAIRED_SUPPLEMENTAL,GPT,GAMMA,C6-E-C4R,575,575,0.0263825557223701,0.0263825557223701,0.0047225468009623,0.0044377999174,0.0481434516687506,0.0477895849511646,,1.0,False,False,SOURCE_ROW,REVIEW_IF_CHANGED
REPAIRED_SUPPLEMENTAL,GPT,ALPHA,C6-E-C6-EX,575,575,0.1230012400933156,0.1230012400933156,0.0642276832854936,0.0650132828586673,0.1849163437512585,0.1840622910130365,,0.0407959204079592,False,True,SOURCE_ROW,REVIEW_IF_CHANGED
REPAIRED_SUPPLEMENTAL,GPT,BETA,C6-E-C6-EX,575,575,0.0125901378391916,0.0125901378391916,-0.0079268627737654,-0.0084123662539096,0.0336817828642029,0.0337859585596481,,1.0,False,False,SOURCE_ROW,REVIEW_IF_CHANGED
REPAIRED_SUPPLEMENTAL,GPT,GAMMA,C6-E-C6-EX,575,575,0.0261818349453108,0.0261818349453108,0.0036845228913295,0.0031229698022844,0.0511800498112228,0.0500089862116704,,1.0,False,False,SOURCE_ROW,REVIEW_IF_CHANGED
STABILITY_SUPPLEMENTAL,GPT,ALPHA,C4R-C4,575,575,0.024353654324939,0.024353654324939,0.0035115517802449,0.0034274472897744,0.0506651795633211,0.0505374080075305,,0.863913608639136,False,False,SOURCE_ROW,REVIEW_IF_CHANGED
STABILITY_SUPPLEMENTAL,GPT,BETA,C4R-C4,575,575,0.0061174123949996,0.0061174123949996,0.0005306962781828,0.0005395896718598,0.0159362202248656,0.0163305828613036,,0.4787521247875211,False,False,SOURCE_ROW,REVIEW_IF_CHANGED
STABILITY_SUPPLEMENTAL,GPT,GAMMA,C4R-C4,575,575,0.0040209891820751,0.0040209891820751,-0.0014261323991889,-0.001490694463456,0.0110139808858685,0.0110238978007504,,1.0,False,False,SOURCE_ROW,REVIEW_IF_CHANGED
STABILITY_SUPPLEMENTAL,GPT,ALPHA,C6-E-C4R,575,575,0.0760634860644841,0.0760634860644841,0.0357931648743738,0.0362787154751713,0.1187355514451947,0.1190120064752622,,0.0191980801919808,False,True,SOURCE_ROW,REVIEW_IF_CHANGED
STABILITY_SUPPLEMENTAL,GPT,BETA,C6-E-C4R,575,575,0.0289091766363775,0.0289091766363775,0.0101030368166302,0.0101779007719586,0.0511126599216341,0.0511320448169833,,0.0937906209379062,False,False,SOURCE_ROW,REVIEW_IF_CHANGED
STABILITY_SUPPLEMENTAL,GPT,GAMMA,C6-E-C4R,575,575,0.0365375613515888,0.0365375613515888,0.0169633820043297,0.0169293283820709,0.056917428890298,0.0568747314361413,,0.0311968803119688,False,True,SOURCE_ROW,REVIEW_IF_CHANGED
REPAIRED_SUPPLEMENTAL,GPT,ALPHA,C4R-C4,575,575,0.058556383158047,0.058556383158047,0.0207993089595026,0.0215207966046015,0.0996286965746658,0.1005393285492208,,0.1301869813018698,False,False,SOURCE_ROW,REVIEW_IF_CHANGED
REPAIRED_SUPPLEMENTAL,GPT,BETA,C4R-C4,575,575,0.009510526717918,0.009510526717918,-0.0065676163136091,-0.006553588420848,0.0258289272694146,0.0256069641735992,,1.0,False,False,SOURCE_ROW,REVIEW_IF_CHANGED
REPAIRED_SUPPLEMENTAL,GPT,GAMMA,C4R-C4,575,575,0.0142767486254954,0.0142767486254954,0.0050604735476217,0.0052423705093442,0.0253572451855839,0.0245956117678738,,0.0599940005999399,False,False,SOURCE_ROW,REVIEW_IF_CHANGED
REPAIRED_SUPPLEMENTAL,GPT,ALPHA,C5-C4,575,575,-0.0826531246004812,-0.0826531246004812,-0.147774704486112,-0.1507555699326914,-0.0180694806493935,-0.0191965644879283,,0.951904809519048,False,False,SOURCE_ROW,REVIEW_IF_CHANGED
REPAIRED_SUPPLEMENTAL,GPT,BETA,C5-C4,575,575,0.0038770519646409,0.0038770519646409,-0.0168932191238799,-0.016720081210677,0.0244646022746883,0.0241313972112369,,1.0,False,False,SOURCE_ROW,REVIEW_IF_CHANGED
REPAIRED_SUPPLEMENTAL,GPT,GAMMA,C5-C4,575,575,-0.0097774451326699,-0.0097774451326699,-0.0396256099924197,-0.0390967003784516,0.0193068211891243,0.0204294933704277,,1.0,False,False,SOURCE_ROW,REVIEW_IF_CHANGED
REPAIRED_SUPPLEMENTAL,GPT,ALPHA,C6-E-C4R,575,575,0.2211835902602936,0.2211835902602936,0.15157490356956,0.1515716164048008,0.294030831262961,0.2952517353551281,,0.023997600239976,False,True,SOURCE_ROW,REVIEW_IF_CHANGED
REPAIRED_SUPPLEMENTAL,GPT,BETA,C6-E-C4R,575,575,0.0438047918178025,0.0438047918178025,0.0271364671467497,0.0267287348261829,0.06275567468971,0.0628450561620469,,0.023997600239976,False,True,SOURCE_ROW,REVIEW_IF_CHANGED
REPAIRED_SUPPLEMENTAL,GPT,GAMMA,C6-E-C4R,575,575,0.0714849783131346,0.0714849783131346,0.0400723706464763,0.039618346037491,0.1054439651100881,0.1059277822812835,,0.023997600239976,False,True,SOURCE_ROW,REVIEW_IF_CHANGED
REPAIRED_SUPPLEMENTAL,GPT,ALPHA,C6-E-C6-EX,575,575,0.0892912676302811,0.0892912676302811,0.0168561608353842,0.0154728606942492,0.1631866638616845,0.164284631465053,,1.0,False,False,SOURCE_ROW,REVIEW_IF_CHANGED
REPAIRED_SUPPLEMENTAL,GPT,BETA,C6-E-C6-EX,575,575,0.0119650743140832,0.0119650743140832,-0.0022167944323231,-0.0020198741361341,0.0269586704250011,0.0270460528722955,,1.0,False,False,SOURCE_ROW,REVIEW_IF_CHANGED
REPAIRED_SUPPLEMENTAL,GPT,GAMMA,C6-E-C6-EX,575,575,0.0417591012350621,0.0417591012350621,0.008797883099155,0.0097365287316641,0.0743761433818533,0.0756044166050898,,1.0,False,False,SOURCE_ROW,REVIEW_IF_CHANGED
STABILITY_SUPPLEMENTAL,GPT,ALPHA,C4R-C4,575,575,0.0550209668700735,0.0550209668700735,0.021209765438916,0.0215260209439745,0.0939035876435619,0.0942646901362016,,0.0431956804319568,False,True,SOURCE_ROW,REVIEW_IF_CHANGED
STABILITY_SUPPLEMENTAL,GPT,BETA,C4R-C4,575,575,0.008362326232507,0.008362326232507,-0.0028438691397379,-0.0028129355709626,0.0214397003072283,0.0217489940501273,,1.0,False,False,SOURCE_ROW,REVIEW_IF_CHANGED
STABILITY_SUPPLEMENTAL,GPT,GAMMA,C4R-C4,575,575,0.0159833778357127,0.0159833778357127,0.0048388283541711,0.0048395283659107,0.0299603750982986,0.030498363124428,,0.0937906209379062,False,False,SOURCE_ROW,REVIEW_IF_CHANGED
STABILITY_SUPPLEMENTAL,GPT,ALPHA,C6-E-C4R,575,575,0.2074755588429644,0.2074755588429644,0.1456790441674391,0.1444971683742109,0.2721005989409343,0.2715499418276949,,0.0191980801919808,False,True,SOURCE_ROW,REVIEW_IF_CHANGED
STABILITY_SUPPLEMENTAL,GPT,BETA,C6-E-C4R,575,575,0.0489754496745833,0.0489754496745833,0.0285762268989074,0.0287166243284556,0.0708160424086012,0.070908315848449,,0.0191980801919808,False,True,SOURCE_ROW,REVIEW_IF_CHANGED
STABILITY_SUPPLEMENTAL,GPT,GAMMA,C6-E-C4R,575,575,0.05737575681591,0.05737575681591,0.0332120814809003,0.0334755723907062,0.0830221914465356,0.082885436015972,,0.0191980801919808,False,True,SOURCE_ROW,REVIEW_IF_CHANGED
HIGH_REASONING_SUPPLEMENTAL,GEMINI,ALPHA,C4R-C4,575,575,-0.0203331720559225,-0.0203331720559225,-0.0516824473712097,-0.0518681697138045,0.0094635504155758,0.0093350535298653,,1.0,False,False,SOURCE_ROW,REVIEW_IF_CHANGED
HIGH_REASONING_SUPPLEMENTAL,GEMINI,BETA,C4R-C4,575,575,-0.0039390710537549,-0.0039390710537549,-0.008006215094217,-0.0080751909319676,-0.0008440272076625,-0.0007945639728335,,0.2631736826317368,False,False,SOURCE_ROW,REVIEW_IF_CHANGED
HIGH_REASONING_SUPPLEMENTAL,GEMINI,GAMMA,C4R-C4,575,575,-0.0051610701653675,-0.0051610701653675,-0.020797020514744,-0.0205703935070042,0.0103573717703013,0.0104937449867835,,1.0,False,False,SOURCE_ROW,REVIEW_IF_CHANGED
HIGH_REASONING_SUPPLEMENTAL,GEMINI,ALPHA,C6-E-C4R,575,575,0.0370327081794462,0.0370327081794462,-0.0113263376219999,-0.0095306159972976,0.0857563994733688,0.0856487420879388,,1.0,False,False,SOURCE_ROW,REVIEW_IF_CHANGED
HIGH_REASONING_SUPPLEMENTAL,GEMINI,BETA,C6-E-C4R,575,575,0.0086610773664386,0.0086610773664386,-0.0001879319931842,-8.607075926149402e-05,0.020771343163732,0.0206147299647788,,1.0,False,False,SOURCE_ROW,REVIEW_IF_CHANGED
HIGH_REASONING_SUPPLEMENTAL,GEMINI,GAMMA,C6-E-C4R,575,575,0.0078455967302778,0.0078455967302778,-0.0130949749341111,-0.0130598790893938,0.0285001958082739,0.0283559191131591,,1.0,False,False,SOURCE_ROW,REVIEW_IF_CHANGED
HIGH_REASONING_SUPPLEMENTAL,GPT,ALPHA,C4R-C4,575,575,0.0395943278155826,0.0395943278155826,0.0129993622148241,0.0131397148478264,0.0694007294568508,0.070128938966363,,0.06999300069993,False,False,SOURCE_ROW,REVIEW_IF_CHANGED
HIGH_REASONING_SUPPLEMENTAL,GPT,BETA,C4R-C4,575,575,0.0053136582607105,0.0053136582607105,-0.0007836830425475,-0.0007954838283862,0.0110664330184691,0.0112126830762743,,1.0,False,False,SOURCE_ROW,REVIEW_IF_CHANGED
HIGH_REASONING_SUPPLEMENTAL,GPT,GAMMA,C4R-C4,575,575,0.0113010312898559,0.0113010312898559,-0.0040025321396367,-0.0040403416345571,0.0292436205195082,0.0285036464033553,,1.0,False,False,SOURCE_ROW,REVIEW_IF_CHANGED
HIGH_REASONING_SUPPLEMENTAL,GPT,ALPHA,C6-E-C4R,575,575,0.0093347529769734,0.0093347529769734,-0.0405694775361291,-0.0423125686901832,0.0565563444450713,0.0572150380290191,,1.0,False,False,SOURCE_ROW,REVIEW_IF_CHANGED
HIGH_REASONING_SUPPLEMENTAL,GPT,BETA,C6-E-C4R,575,575,-0.0019468101583824,-0.0019468101583824,-0.0197060880677967,-0.0198377037038872,0.0114917065864064,0.0115713215582114,,1.0,False,False,SOURCE_ROW,REVIEW_IF_CHANGED
HIGH_REASONING_SUPPLEMENTAL,GPT,GAMMA,C6-E-C4R,575,575,0.0182488872968257,0.0182488872968257,-0.0051336472718734,-0.0051207540957379,0.0432154015012839,0.043037354616153,,1.0,False,False,SOURCE_ROW,REVIEW_IF_CHANGED
HIGH_REASONING_SUPPLEMENTAL,GEMINI,ALPHA,C4R-C4,575,575,-0.0101715859116971,-0.0101715859116971,-0.0429090398201244,-0.0425168504509922,0.0209209063949733,0.0214599625855607,1.0,1.0,False,False,SOURCE_ROW,REVIEW_IF_CHANGED
HIGH_REASONING_SUPPLEMENTAL,GEMINI,BETA,C4R-C4,575,575,-0.0013103484056153,-0.0013103484056153,-0.0040889596262204,-0.0040600129478018,0.0013335156344873,0.0012908322128152,,1.0,False,False,SOURCE_ROW,REVIEW_IF_CHANGED
HIGH_REASONING_SUPPLEMENTAL,GEMINI,GAMMA,C4R-C4,575,575,0.0036267184990259,0.0036267184990259,-0.0086600385842221,-0.0085634789469891,0.0162953234772523,0.0160578295449245,,1.0,False,False,SOURCE_ROW,REVIEW_IF_CHANGED
HIGH_REASONING_SUPPLEMENTAL,GEMINI,ALPHA,C5-C4,575,575,0.0648693881700845,0.0648693881700845,0.0051312646936128,0.0058096601561847,0.1249698414921146,0.1244291504879242,0.2075792420757924,1.0,False,False,SOURCE_ROW,REVIEW_IF_CHANGED
HIGH_REASONING_SUPPLEMENTAL,GEMINI,BETA,C5-C4,575,575,0.0140109216458056,0.0140109216458056,-0.0047856430766567,-0.0045039012891775,0.0348178819698949,0.0344129225189418,,1.0,False,False,SOURCE_ROW,REVIEW_IF_CHANGED
HIGH_REASONING_SUPPLEMENTAL,GEMINI,GAMMA,C5-C4,575,575,0.0144251914567255,0.0144251914567255,-0.0153108408672158,-0.0152552072654659,0.0437281973562624,0.0452336978633734,,1.0,False,False,SOURCE_ROW,REVIEW_IF_CHANGED
HIGH_REASONING_SUPPLEMENTAL,GEMINI,ALPHA,C6-E-C4R,575,575,0.089721502462878,0.089721502462878,0.040756945820926,0.0409127634923695,0.1405161538324494,0.1389454421416847,0.0015998400159984,0.0611938806119388,True,False,SOURCE_ROW,REVIEW_IF_CHANGED
HIGH_REASONING_SUPPLEMENTAL,GEMINI,BETA,C6-E-C4R,575,575,0.0156379359911485,0.0156379359911485,0.0060378232218724,0.0060212151538855,0.0283033382356119,0.0283709912062193,,0.0423957604239576,False,True,SOURCE_ROW,REVIEW_IF_CHANGED
HIGH_REASONING_SUPPLEMENTAL,GEMINI,GAMMA,C6-E-C4R,575,575,0.0221744197253284,0.0221744197253284,0.0018992037525231,0.0022272153255359,0.044378380673477,0.0439759541122969,,1.0,False,False,SOURCE_ROW,REVIEW_IF_CHANGED
HIGH_REASONING_SUPPLEMENTAL,GEMINI,ALPHA,C6-E-C6-EX,575,575,0.0412234976762198,0.0412234976762198,-0.0133592413164991,-0.0133898414926871,0.0985927305571175,0.096072912611014,0.6759324067593241,1.0,False,False,SOURCE_ROW,REVIEW_IF_CHANGED
HIGH_REASONING_SUPPLEMENTAL,GEMINI,BETA,C6-E-C6-EX,575,575,0.0043140206694648,0.0043140206694648,-0.0021365564324645,-0.0021429773570694,0.0104579005140974,0.0103584685169234,,1.0,False,False,SOURCE_ROW,REVIEW_IF_CHANGED
HIGH_REASONING_SUPPLEMENTAL,GEMINI,GAMMA,C6-E-C6-EX,575,575,0.0114101597553352,0.0114101597553352,-0.0107505472203146,-0.0098945565806972,0.0344346362291694,0.0339373777763789,,1.0,False,False,SOURCE_ROW,REVIEW_IF_CHANGED
STABILITY_SUPPLEMENTAL,GEMINI,ALPHA,C4R-C4,575,575,-0.0078493848807069,-0.0078493848807069,-0.0449796044435601,-0.0459906585271192,0.0248970261113177,0.0253659390213725,,1.0,False,False,SOURCE_ROW,REVIEW_IF_CHANGED
STABILITY_SUPPLEMENTAL,GEMINI,BETA,C4R-C4,575,575,-0.0018190381983069,-0.0018190381983069,-0.0165469094364617,-0.0169587176689035,0.0128114890341912,0.0130798888035132,,1.0,False,False,SOURCE_ROW,REVIEW_IF_CHANGED
STABILITY_SUPPLEMENTAL,GEMINI,GAMMA,C4R-C4,575,575,-0.0066511289230967,-0.0066511289230967,-0.0233020309415579,-0.0231516810491127,0.0078323773309297,0.0078218957362288,,1.0,False,False,SOURCE_ROW,REVIEW_IF_CHANGED
STABILITY_SUPPLEMENTAL,GEMINI,ALPHA,C6-E-C4R,575,575,0.0653018854211735,0.0653018854211735,0.0191022526474719,0.0177552933537275,0.1160553168085476,0.115899930457042,,0.4175582441755824,False,False,SOURCE_ROW,REVIEW_IF_CHANGED
STABILITY_SUPPLEMENTAL,GEMINI,BETA,C6-E-C4R,575,575,0.0205297018875829,0.0205297018875829,0.0028525475994469,0.0027071635355366,0.0391431414100153,0.0400424184724079,,1.0,False,False,SOURCE_ROW,REVIEW_IF_CHANGED
STABILITY_SUPPLEMENTAL,GEMINI,GAMMA,C6-E-C4R,575,575,0.0171663592893706,0.0171663592893706,0.0014382120304412,0.0014736968579577,0.0340306867456552,0.0339685386658278,,1.0,False,False,SOURCE_ROW,REVIEW_IF_CHANGED
HIGH_REASONING_SUPPLEMENTAL,GEMINI,ALPHA,C4R-C4,575,575,0.1448879457482113,0.1448879457482113,0.091380150745271,0.0912554599432128,0.2009250485972086,0.2011515047422411,0.0015998400159984,0.011998800119988,True,True,SOURCE_ROW,REVIEW_IF_CHANGED
HIGH_REASONING_SUPPLEMENTAL,GEMINI,BETA,C4R-C4,575,575,0.0301911152468026,0.0301911152468026,0.0140562770997067,0.0140289552399087,0.0513270615986305,0.0515690807482958,,0.011998800119988,False,True,SOURCE_ROW,REVIEW_IF_CHANGED
HIGH_REASONING_SUPPLEMENTAL,GEMINI,GAMMA,C4R-C4,575,575,0.0122270227924374,0.0122270227924374,-0.0018515578093984,-0.0021904080167673,0.0272297219195051,0.0271188456447435,,1.0,False,False,SOURCE_ROW,REVIEW_IF_CHANGED
HIGH_REASONING_SUPPLEMENTAL,GEMINI,ALPHA,C5-C4,575,575,-0.0652430602825521,-0.0652430602825521,-0.1513685994476091,-0.1520787989142781,0.0199328906630745,0.0183812327690396,0.6759324067593241,1.0,False,False,SOURCE_ROW,REVIEW_IF_CHANGED
HIGH_REASONING_SUPPLEMENTAL,GEMINI,BETA,C5-C4,575,575,-0.0007981189027952,-0.0007981189027952,-0.0338456498573947,-0.0338498660076739,0.0326611058492381,0.0329245047672394,,1.0,False,False,SOURCE_ROW,REVIEW_IF_CHANGED
HIGH_REASONING_SUPPLEMENTAL,GEMINI,GAMMA,C5-C4,575,575,-0.0185250162845019,-0.0185250162845019,-0.0548580689130501,-0.055703689565556,0.0166596818435356,0.0174567698252534,,1.0,False,False,SOURCE_ROW,REVIEW_IF_CHANGED
HIGH_REASONING_SUPPLEMENTAL,GEMINI,ALPHA,C6-E-C4R,575,575,0.0430853162824828,0.0430853162824828,-0.0188174235038797,-0.019472564073034,0.105290116903302,0.1062079047862777,0.6759324067593241,1.0,False,False,SOURCE_ROW,REVIEW_IF_CHANGED
HIGH_REASONING_SUPPLEMENTAL,GEMINI,BETA,C6-E-C4R,575,575,0.0120003347734194,0.0120003347734194,-0.0156963708105532,-0.0159816444407155,0.0388679600268372,0.0395029719209521,,1.0,False,False,SOURCE_ROW,REVIEW_IF_CHANGED
HIGH_REASONING_SUPPLEMENTAL,GEMINI,GAMMA,C6-E-C4R,575,575,0.0427412929181628,0.0427412929181628,0.022063186667517,0.0222037502988111,0.0646478529416449,0.0647562659152927,,0.011998800119988,False,True,SOURCE_ROW,REVIEW_IF_CHANGED
HIGH_REASONING_SUPPLEMENTAL,GEMINI,ALPHA,C6-E-C6-EX,575,575,0.0153244899294307,0.0153244899294307,-0.0404950125066569,-0.0413064637322229,0.072365774469249,0.0703832405128116,1.0,1.0,False,False,SOURCE_ROW,REVIEW_IF_CHANGED
HIGH_REASONING_SUPPLEMENTAL,GEMINI,BETA,C6-E-C6-EX,575,575,-0.0002395902546702,-0.0002395902546702,-0.0192187892251971,-0.019133584153146,0.0148784508940802,0.0149303215330377,,1.0,False,False,SOURCE_ROW,REVIEW_IF_CHANGED
HIGH_REASONING_SUPPLEMENTAL,GEMINI,GAMMA,C6-E-C6-EX,575,575,0.0227744302086518,0.0227744302086518,0.0019192248999825,0.0016378640374698,0.0451840996642559,0.0446869323314424,,1.0,False,False,SOURCE_ROW,REVIEW_IF_CHANGED
STABILITY_SUPPLEMENTAL,GEMINI,ALPHA,C4R-C4,575,575,0.1434374494292223,0.1434374494292223,0.096247366856907,0.0962688541217368,0.1949745202672116,0.1960719983110732,,0.0191980801919808,False,True,SOURCE_ROW,REVIEW_IF_CHANGED
STABILITY_SUPPLEMENTAL,GEMINI,BETA,C4R-C4,575,575,0.019917651301469,0.019917651301469,0.0082100205708642,0.0080707217272846,0.0339677209313781,0.0336807447379136,,0.0311968803119688,False,True,SOURCE_ROW,REVIEW_IF_CHANGED
STABILITY_SUPPLEMENTAL,GEMINI,GAMMA,C4R-C4,575,575,0.0145741505369609,0.0145741505369609,-0.0041476245124124,-0.0046141681516239,0.0340628935555126,0.0336909446787663,,1.0,False,False,SOURCE_ROW,REVIEW_IF_CHANGED
STABILITY_SUPPLEMENTAL,GEMINI,ALPHA,C6-E-C4R,575,575,-0.0022336536789492,-0.0022336536789492,-0.0660267184117633,-0.0678812934095683,0.0618181676256494,0.0615593439072428,,1.0,False,False,SOURCE_ROW,REVIEW_IF_CHANGED
STABILITY_SUPPLEMENTAL,GEMINI,BETA,C6-E-C4R,575,575,0.0221277570549341,0.0221277570549341,0.0021349473449034,0.0018473129440372,0.042727896948587,0.0421712705542726,,1.0,False,False,SOURCE_ROW,REVIEW_IF_CHANGED
STABILITY_SUPPLEMENTAL,GEMINI,GAMMA,C6-E-C4R,575,575,0.0020470376236996,0.0020470376236996,-0.0242193066773777,-0.0237428692665657,0.0268851662250471,0.0263163713584986,,1.0,False,False,SOURCE_ROW,REVIEW_IF_CHANGED
HIGH_REASONING_SUPPLEMENTAL,GPT,ALPHA,C4R-C4,575,575,0.026393680407925,0.026393680407925,-1.7119229216034784e-05,-0.0002616006420694,0.0552937558099052,0.056437024159322,0.2055794420557944,1.0,False,False,SOURCE_ROW,REVIEW_IF_CHANGED
HIGH_REASONING_SUPPLEMENTAL,GPT,BETA,C4R-C4,575,575,-0.0025756930048725,-0.0025756930048725,-0.014144547945534,-0.0141879317232515,0.004447262705477,0.0044821154065455,,1.0,False,False,SOURCE_ROW,REVIEW_IF_CHANGED
HIGH_REASONING_SUPPLEMENTAL,GPT,GAMMA,C4R-C4,575,575,0.0012341025131362,0.0012341025131362,-0.0057210682610198,-0.0057967801015501,0.0088474887290914,0.0087260443825703,,1.0,False,False,SOURCE_ROW,REVIEW_IF_CHANGED
HIGH_REASONING_SUPPLEMENTAL,GPT,ALPHA,C5-C4,575,575,0.0129125117762167,0.0129125117762167,-0.0463735873078825,-0.0449241405675988,0.0724664143354113,0.0722804199020869,0.6675332466753324,1.0,False,False,SOURCE_ROW,REVIEW_IF_CHANGED
HIGH_REASONING_SUPPLEMENTAL,GPT,BETA,C5-C4,575,575,0.0052115032564348,0.0052115032564348,-0.0129894263723677,-0.0138369157309811,0.0203303745316386,0.0206698636955351,,1.0,False,False,SOURCE_ROW,REVIEW_IF_CHANGED
HIGH_REASONING_SUPPLEMENTAL,GPT,GAMMA,C5-C4,575,575,0.0009542434275145,0.0009542434275145,-0.0239238840105951,-0.0231591153618335,0.026842555807939,0.0265859976275515,,1.0,False,False,SOURCE_ROW,REVIEW_IF_CHANGED
HIGH_REASONING_SUPPLEMENTAL,GPT,ALPHA,C6-E-C4R,575,575,0.1003235457966653,0.1003235457966653,0.0368201607315284,0.0383199312521298,0.1630541692852775,0.1623750466620162,0.014998500149985,0.0783921607839216,True,False,SOURCE_ROW,REVIEW_IF_CHANGED
HIGH_REASONING_SUPPLEMENTAL,GPT,BETA,C6-E-C4R,575,575,0.0230976048189721,0.0230976048189721,0.0005842816360655,0.0006244669521791,0.0473811073134618,0.0478257935632413,,1.0,False,False,SOURCE_ROW,REVIEW_IF_CHANGED
HIGH_REASONING_SUPPLEMENTAL,GPT,GAMMA,C6-E-C4R,575,575,0.0196102463847018,0.0196102463847018,-0.0048550618254053,-0.0048978987589869,0.0429766383177743,0.0439741478858248,,1.0,False,False,SOURCE_ROW,REVIEW_IF_CHANGED
HIGH_REASONING_SUPPLEMENTAL,GPT,ALPHA,C6-E-C6-EX,575,575,0.1146287777782448,0.1146287777782448,0.0443240191270918,0.0448225315984331,0.1864057354683238,0.1851633714099914,0.0143985601439856,0.0783921607839216,True,False,SOURCE_ROW,REVIEW_IF_CHANGED
HIGH_REASONING_SUPPLEMENTAL,GPT,BETA,C6-E-C6-EX,575,575,0.0083728620958318,0.0083728620958318,-0.0158823103733144,-0.0152632261474497,0.0309814583607662,0.0315860162117605,,1.0,False,False,SOURCE_ROW,REVIEW_IF_CHANGED
HIGH_REASONING_SUPPLEMENTAL,GPT,GAMMA,C6-E-C6-EX,575,575,0.0286340386279183,0.0286340386279183,0.0010782706717362,0.0015618600808779,0.057815274164452,0.0580335402351707,,1.0,False,False,SOURCE_ROW,REVIEW_IF_CHANGED
STABILITY_SUPPLEMENTAL,GPT,ALPHA,C4R-C4,575,575,0.0276045793906366,0.0276045793906366,-0.0087871777073382,-0.0085040579935523,0.0667845787828815,0.065877585579342,,1.0,False,False,SOURCE_ROW,REVIEW_IF_CHANGED
STABILITY_SUPPLEMENTAL,GPT,BETA,C4R-C4,575,575,0.0036901622464068,0.0036901622464068,-0.0110864242288694,-0.0109034815808515,0.0173833212248683,0.0171091637316846,,1.0,False,False,SOURCE_ROW,REVIEW_IF_CHANGED
STABILITY_SUPPLEMENTAL,GPT,GAMMA,C4R-C4,575,575,0.0086348660781799,0.0086348660781799,-0.0027385522790041,-0.0026133274326238,0.0213009517192691,0.0212461500312468,,1.0,False,False,SOURCE_ROW,REVIEW_IF_CHANGED
STABILITY_SUPPLEMENTAL,GPT,ALPHA,C6-E-C4R,575,575,0.0978065467080822,0.0978065467080822,0.0475675113425192,0.0475452492235152,0.1506503470693502,0.1506245508323766,,0.0191980801919808,False,True,SOURCE_ROW,REVIEW_IF_CHANGED
STABILITY_SUPPLEMENTAL,GPT,BETA,C6-E-C4R,575,575,0.0330107517906269,0.0330107517906269,0.0123334981454352,0.012387660184039,0.0578743210296312,0.0574998650223945,,0.1023897610238976,False,False,SOURCE_ROW,REVIEW_IF_CHANGED
STABILITY_SUPPLEMENTAL,GPT,GAMMA,C6-E-C4R,575,575,0.0423422920389589,0.0423422920389589,0.0215684118857337,0.0217872283655545,0.0637065194090793,0.0637608278581348,,0.0191980801919808,False,True,SOURCE_ROW,REVIEW_IF_CHANGED
HIGH_REASONING_SUPPLEMENTAL,GPT,ALPHA,C4R-C4,575,575,0.0723646804828786,0.0723646804828786,0.0289983712086971,0.0288672537833132,0.1188697255728643,0.1177984123119621,0.0055994400559944,0.0423957604239576,True,True,SOURCE_ROW,REVIEW_IF_CHANGED
HIGH_REASONING_SUPPLEMENTAL,GPT,BETA,C4R-C4,575,575,0.0105724508304086,0.0105724508304086,-0.0050487659582743,-0.0050687115679501,0.0269903987606211,0.0264451599391481,,1.0,False,False,SOURCE_ROW,REVIEW_IF_CHANGED
HIGH_REASONING_SUPPLEMENTAL,GPT,GAMMA,C4R-C4,575,575,0.0178648417187855,0.0178648417187855,0.0074901752202222,0.0075573267693759,0.0302523019716668,0.0296423881774899,,0.0323967603239676,False,True,SOURCE_ROW,REVIEW_IF_CHANGED
HIGH_REASONING_SUPPLEMENTAL,GPT,ALPHA,C5-C4,575,575,-0.0679510666747616,-0.0679510666747616,-0.1377869893149218,-0.1381891434982722,0.0010849156202744,-0.0001183010671208,0.2055794420557944,1.0,False,False,SOURCE_ROW,REVIEW_IF_CHANGED
HIGH_REASONING_SUPPLEMENTAL,GPT,BETA,C5-C4,575,575,0.0047568855226433,0.0047568855226433,-0.0163039815441759,-0.0165633850541165,0.0250048480342491,0.0248043781729961,,1.0,False,False,SOURCE_ROW,REVIEW_IF_CHANGED
HIGH_REASONING_SUPPLEMENTAL,GPT,GAMMA,C5-C4,575,575,-0.0061893520393798,-0.0061893520393798,-0.0361402279361563,-0.0365738039643789,0.0242361142418225,0.0230754966546925,,1.0,False,False,SOURCE_ROW,REVIEW_IF_CHANGED
HIGH_REASONING_SUPPLEMENTAL,GPT,ALPHA,C6-E-C4R,575,575,0.2141991425072062,0.2141991425072062,0.1415037459380062,0.1421918406108706,0.291750904597841,0.2890392907544415,0.0015998400159984,0.011998800119988,True,True,SOURCE_ROW,REVIEW_IF_CHANGED
HIGH_REASONING_SUPPLEMENTAL,GPT,BETA,C6-E-C4R,575,575,0.0424816436421323,0.0424816436421323,0.0258371303722006,0.025629071428271,0.0616658149657038,0.0615295324279864,,0.011998800119988,False,True,SOURCE_ROW,REVIEW_IF_CHANGED
HIGH_REASONING_SUPPLEMENTAL,GPT,GAMMA,C6-E-C4R,575,575,0.0709001300308972,0.0709001300308972,0.0397641552242075,0.0394322564482193,0.1053510361727531,0.1044955471541534,,0.011998800119988,False,True,SOURCE_ROW,REVIEW_IF_CHANGED
HIGH_REASONING_SUPPLEMENTAL,GPT,ALPHA,C6-E-C6-EX,575,575,0.0766583914891147,0.0766583914891147,0.0007427904222227,0.0004364698724568,0.154366932486286,0.153248435966848,0.2055794420557944,1.0,False,False,SOURCE_ROW,REVIEW_IF_CHANGED
HIGH_REASONING_SUPPLEMENTAL,GPT,BETA,C6-E-C6-EX,575,575,0.0108094476909262,0.0108094476909262,-0.0035022675402168,-0.003457730565143,0.0255996092360884,0.0254883242808172,,1.0,False,False,SOURCE_ROW,REVIEW_IF_CHANGED
HIGH_REASONING_SUPPLEMENTAL,GPT,GAMMA,C6-E-C6-EX,575,575,0.0411742529528248,0.0411742529528248,0.0083925147884129,0.0082396465864913,0.074369525252246,0.0743292500128381,,0.6623337666233376,False,False,SOURCE_ROW,REVIEW_IF_CHANGED
STABILITY_SUPPLEMENTAL,GPT,ALPHA,C4R-C4,575,575,0.0550209668700735,0.0550209668700735,0.0208544546211643,0.0203874623665427,0.0928202324780283,0.0932856081045335,,0.068993100689931,False,False,SOURCE_ROW,REVIEW_IF_CHANGED
STABILITY_SUPPLEMENTAL,GPT,BETA,C4R-C4,575,575,0.008977659042372,0.008977659042372,-0.0024600962265565,-0.002075728483071,0.0220575987604872,0.022122835088846,,1.0,False,False,SOURCE_ROW,REVIEW_IF_CHANGED
STABILITY_SUPPLEMENTAL,GPT,GAMMA,C4R-C4,575,575,0.0161134397249939,0.0161134397249939,0.0051041251148525,0.0048862399454388,0.0305073724001315,0.0297817944289034,,0.1023897610238976,False,False,SOURCE_ROW,REVIEW_IF_CHANGED
STABILITY_SUPPLEMENTAL,GPT,ALPHA,C6-E-C4R,575,575,0.1889496474030884,0.1889496474030884,0.1267472745180851,0.1269532695653117,0.2530807972354395,0.2527304040286839,,0.0191980801919808,False,True,SOURCE_ROW,REVIEW_IF_CHANGED
STABILITY_SUPPLEMENTAL,GPT,BETA,C6-E-C4R,575,575,0.0476913071817024,0.0476913071817024,0.0272565221069086,0.027779748874687,0.0695695216950315,0.0694385639679797,,0.0191980801919808,False,True,SOURCE_ROW,REVIEW_IF_CHANGED
STABILITY_SUPPLEMENTAL,GPT,GAMMA,C6-E-C4R,575,575,0.0491142498757957,0.0491142498757957,0.0220162934759219,0.0225882105979991,0.0766129881115717,0.0764063698814367,,0.0431956804319568,False,True,SOURCE_ROW,REVIEW_IF_CHANGED
